data,comissao,materias,projetos,recebimento_conhecido,interna_conhecida
2026-08-01,ADM,362,99,340,307
2026-08-01,CCJ,2297,2067,2150,1743
2026-08-01,ECON,198,42,195,168
2026-08-01,EDUC,293,182,249,154
2026-08-01,FIN,775,336,375,240
2026-08-01,SAUDE,222,91,187,172
2026-08-01,URB,145,143,124,78
2026-08-02,ADM,362,99,340,307
2026-08-02,CCJ,2297,2067,2150,1743
2026-08-02,ECON,198,42,195,168
2026-08-02,EDUC,293,182,249,154
2026-08-02,FIN,775,336,375,240
2026-08-02,SAUDE,222,91,187,172
2026-08-02,URB,145,143,124,78
2026-08-03,ADM,362,99,340,307
2026-08-03,CCJ,2297,2067,2150,1828
2026-08-03,ECON,198,42,195,168
2026-08-03,EDUC,293,182,249,158
2026-08-03,FIN,769,336,369,242
2026-08-03,SAUDE,222,91,187,172
2026-08-03,URB,145,143,124,85
2026-08-04,ADM,362,99,340,307
2026-08-04,CCJ,2299,2069,2152,1906
2026-08-04,ECON,198,42,195,172
2026-08-04,EDUC,293,182,249,170
2026-08-04,FIN,770,336,370,243
2026-08-04,SAUDE,222,91,187,175
2026-08-04,URB,145,143,124,89
2026-08-05,ADM,362,99,340,307
2026-08-05,CCJ,2298,2068,2152,1921
2026-08-05,ECON,198,42,195,172
2026-08-05,EDUC,293,182,249,177
2026-08-05,FIN,759,336,369,260
2026-08-05,SAUDE,222,91,187,188
2026-08-05,URB,145,143,124,90
2026-08-06,ADM,369,106,347,318
2026-08-06,CCJ,2269,2039,2150,1910
2026-08-06,ECON,198,42,195,174
2026-08-06,EDUC,302,191,259,202
2026-08-06,FIN,712,325,370,284
2026-08-06,SAUDE,223,92,188,196
2026-08-06,URB,154,152,133,119
2026-08-07,ADM,368,105,346,317
2026-08-07,CCJ,2336,2106,2217,1988
2026-08-07,ECON,198,42,195,174
2026-08-07,EDUC,302,191,259,206
2026-08-07,FIN,712,325,370,285
2026-08-07,SAUDE,223,92,188,196
2026-08-07,URB,154,152,133,119
2026-08-08,ADM,368,105,346,317
2026-08-08,CCJ,2336,2106,2217,1988
2026-08-08,ECON,198,42,195,174
2026-08-08,EDUC,302,191,259,206
2026-08-08,FIN,712,325,370,285
2026-08-08,SAUDE,223,92,188,196
2026-08-08,URB,154,152,133,119
2026-08-09,ADM,368,105,346,317
2026-08-09,CCJ,2336,2106,2217,1988
2026-08-09,ECON,198,42,195,174
2026-08-09,EDUC,302,191,259,206
2026-08-09,FIN,712,325,370,285
2026-08-09,SAUDE,223,92,188,196
2026-08-09,URB,154,152,133,119
2026-08-10,ADM,368,105,346,318
2026-08-10,CCJ,2336,2106,2217,1998
2026-08-10,ECON,198,42,195,174
2026-08-10,EDUC,302,191,259,209
2026-08-10,FIN,685,325,370,289
2026-08-10,SAUDE,223,92,188,199
2026-08-10,URB,154,152,133,124
2026-08-11,ADM,368,105,346,319
2026-08-11,CCJ,2336,2106,2218,2017
2026-08-11,ECON,199,43,196,175
2026-08-11,EDUC,306,195,263,213
2026-08-11,FIN,637,325,370,289
2026-08-11,SAUDE,228,97,193,204
2026-08-11,URB,157,155,136,127
2026-08-12,ADM,368,105,346,342
2026-08-12,CCJ,2336,2106,2218,2034
2026-08-12,ECON,199,43,196,177
2026-08-12,EDUC,306,195,263,214
2026-08-12,FIN,609,325,370,289
2026-08-12,SAUDE,228,97,193,207
2026-08-12,URB,157,155,136,141
2026-08-13,ADM,374,111,352,349
2026-08-13,CCJ,2314,2084,2219,2021
2026-08-13,ECON,198,42,197,176
2026-08-13,EDUC,312,201,269,221
2026-08-13,FIN,552,327,372,297
2026-08-13,SAUDE,228,97,193,208
2026-08-13,URB,166,164,145,156
2026-08-14,ADM,362,99,358,354
2026-08-14,CCJ,2351,2121,2256,2063
2026-08-14,ECON,201,45,200,179
2026-08-14,EDUC,326,215,284,236
2026-08-14,FIN,556,331,376,303
2026-08-14,SAUDE,234,103,199,215
2026-08-14,URB,149,147,145,139
2026-08-15,ADM,362,99,358,354
2026-08-15,CCJ,2351,2121,2256,2063
2026-08-15,ECON,201,45,200,179
2026-08-15,EDUC,326,215,284,236
2026-08-15,FIN,556,331,376,303
2026-08-15,SAUDE,234,103,199,215
2026-08-15,URB,149,147,145,139
2026-08-16,ADM,362,99,358,354
2026-08-16,CCJ,2351,2121,2256,2063
2026-08-16,ECON,201,45,200,179
2026-08-16,EDUC,326,215,284,236
2026-08-16,FIN,556,331,376,303
2026-08-16,SAUDE,234,103,199,215
2026-08-16,URB,149,147,145,139
2026-08-17,ADM,363,100,359,355
2026-08-17,CCJ,2351,2121,2256,2073
2026-08-17,ECON,201,45,200,179
2026-08-17,EDUC,326,215,284,236
2026-08-17,FIN,556,331,376,303
2026-08-17,SAUDE,234,103,199,215
2026-08-17,URB,149,147,145,139
2026-08-18,ADM,363,100,359,355
2026-08-18,CCJ,2350,2120,2256,2087
2026-08-18,ECON,201,45,200,179
2026-08-18,EDUC,316,205,284,231
2026-08-18,FIN,548,339,384,311
2026-08-18,SAUDE,235,104,200,216
2026-08-18,URB,149,147,145,139
2026-08-19,ADM,362,99,358,355
2026-08-19,CCJ,2363,2133,2269,2116
2026-08-19,ECON,201,45,200,193
2026-08-19,EDUC,316,205,284,231
2026-08-19,FIN,548,339,384,318
2026-08-19,SAUDE,235,104,200,232
2026-08-19,URB,147,147,143,139
2026-08-20,ADM,365,102,361,361
2026-08-20,CCJ,2349,2119,2267,2106
2026-08-20,ECON,201,45,200,196
2026-08-20,EDUC,321,210,289,236
2026-08-20,FIN,534,327,385,325
2026-08-20,SAUDE,236,105,201,233
2026-08-20,URB,149,149,146,142
2026-08-21,ADM,365,102,361,361
2026-08-21,CCJ,2380,2150,2298,2148
2026-08-21,ECON,200,44,200,195
2026-08-21,EDUC,321,210,289,236
2026-08-21,FIN,509,327,385,325
2026-08-21,SAUDE,237,106,202,234
2026-08-21,URB,149,149,146,142
2026-08-22,ADM,365,102,361,361
2026-08-22,CCJ,2380,2150,2298,2148
2026-08-22,ECON,200,44,200,195
2026-08-22,EDUC,321,210,289,236
2026-08-22,FIN,507,327,385,325
2026-08-22,SAUDE,237,106,202,234
2026-08-22,URB,149,149,146,142
2026-08-23,ADM,365,102,361,361
2026-08-23,CCJ,2380,2150,2298,2148
2026-08-23,ECON,200,44,200,195
2026-08-23,EDUC,321,210,289,236
2026-08-23,FIN,490,327,385,325
2026-08-23,SAUDE,237,106,202,234
2026-08-23,URB,149,149,146,142
2026-08-24,ADM,365,102,361,361
2026-08-24,CCJ,2380,2150,2298,2151
2026-08-24,ECON,200,44,200,195
2026-08-24,EDUC,321,210,289,236
2026-08-24,FIN,449,327,385,326
2026-08-24,SAUDE,237,106,202,234
2026-08-24,URB,149,149,146,142
2026-08-25,ADM,365,102,361,361
2026-08-25,CCJ,2361,2131,2298,2149
2026-08-25,ECON,200,44,200,195
2026-08-25,EDUC,321,210,289,238
2026-08-25,FIN,462,349,407,348
2026-08-25,SAUDE,215,84,202,212
2026-08-25,URB,149,149,146,142
2026-08-26,ADM,365,102,361,361
2026-08-26,CCJ,2361,2131,2298,2167
2026-08-26,ECON,200,44,200,195
2026-08-26,EDUC,321,210,289,241
2026-08-26,FIN,462,349,407,348
2026-08-26,SAUDE,215,84,202,212
2026-08-26,URB,149,149,146,143
2026-08-27,ADM,367,104,363,363
2026-08-27,CCJ,2370,2140,2307,2180
2026-08-27,ECON,200,44,200,195
2026-08-27,EDUC,323,212,291,244
2026-08-27,FIN,442,342,410,341
2026-08-27,SAUDE,216,85,203,213
2026-08-27,URB,153,153,150,147
2026-08-28,ADM,367,104,363,363
2026-08-28,CCJ,2412,2182,2349,2230
2026-08-28,ECON,200,44,200,195
2026-08-28,EDUC,323,212,291,244
2026-08-28,FIN,442,342,410,341
2026-08-28,SAUDE,216,85,203,213
2026-08-28,URB,153,153,150,147
2026-08-29,ADM,367,104,363,363
2026-08-29,CCJ,2412,2182,2349,2230
2026-08-29,ECON,200,44,200,195
2026-08-29,EDUC,323,212,291,280
2026-08-29,FIN,442,342,410,341
2026-08-29,SAUDE,216,85,203,213
2026-08-29,URB,153,153,150,147
2026-08-30,ADM,367,104,363,363
2026-08-30,CCJ,2412,2182,2349,2230
2026-08-30,ECON,200,44,200,195
2026-08-30,EDUC,323,212,291,280
2026-08-30,FIN,442,342,410,341
2026-08-30,SAUDE,216,85,203,213
2026-08-30,URB,153,153,150,147
2026-08-31,ADM,367,104,363,363
2026-08-31,CCJ,2412,2182,2349,2236
2026-08-31,ECON,200,44,200,195
2026-08-31,EDUC,323,212,291,280
2026-08-31,FIN,442,342,410,350
2026-08-31,SAUDE,216,85,203,213
2026-08-31,URB,153,153,150,147
2026-09-01,ADM,367,104,363,363
2026-09-01,CCJ,2404,2174,2349,2235
2026-09-01,ECON,200,44,200,195
2026-09-01,EDUC,323,212,291,280
2026-09-01,FIN,436,342,410,350
2026-09-01,SAUDE,216,85,203,213
2026-09-01,URB,153,153,150,147
2026-09-02,ADM,360,97,359,358
2026-09-02,CCJ,2404,2174,2350,2238
2026-09-02,ECON,199,43,199,194
2026-09-02,EDUC,315,204,287,272
2026-09-02,FIN,430,336,408,382
2026-09-02,SAUDE,212,81,202,210
2026-09-02,URB,148,148,148,144
2026-09-03,ADM,360,97,359,358
2026-09-03,CCJ,2404,2174,2350,2242
2026-09-03,ECON,199,43,199,195
2026-09-03,EDUC,315,204,287,272
2026-09-03,FIN,428,336,408,382
2026-09-03,SAUDE,212,81,202,210
2026-09-03,URB,148,148,148,144
2026-09-04,ADM,363,100,362,361
2026-09-04,CCJ,2424,2194,2390,2267
2026-09-04,ECON,200,44,200,196
2026-09-04,EDUC,323,212,295,280
2026-09-04,FIN,430,336,410,384
2026-09-04,SAUDE,213,82,203,211
2026-09-04,URB,156,156,156,152
2026-09-05,ADM,363,100,362,361
2026-09-05,CCJ,2424,2194,2390,2267
2026-09-05,ECON,200,44,200,196
2026-09-05,EDUC,323,212,295,280
2026-09-05,FIN,430,336,410,384
2026-09-05,SAUDE,213,82,203,211
2026-09-05,URB,156,156,156,152
2026-09-06,ADM,363,100,362,361
2026-09-06,CCJ,2424,2194,2390,2267
2026-09-06,ECON,200,44,200,196
2026-09-06,EDUC,323,212,295,280
2026-09-06,FIN,430,336,410,384
2026-09-06,SAUDE,213,82,203,211
2026-09-06,URB,156,156,156,152
2026-09-07,ADM,363,100,362,361
2026-09-07,CCJ,2424,2194,2390,2267
2026-09-07,ECON,200,44,200,196
2026-09-07,EDUC,323,212,295,280
2026-09-07,FIN,430,336,410,384
2026-09-07,SAUDE,213,82,203,211
2026-09-07,URB,156,156,156,152
2026-09-08,ADM,363,100,362,362
2026-09-08,CCJ,2422,2192,2389,2271
2026-09-08,ECON,200,44,200,196
2026-09-08,EDUC,315,204,295,274
2026-09-08,FIN,439,348,420,397
2026-09-08,SAUDE,209,78,203,208
2026-09-08,URB,156,156,156,152
2026-09-09,ADM,362,99,362,361
2026-09-09,CCJ,2422,2192,2389,2294
2026-09-09,ECON,200,44,200,196
2026-09-09,EDUC,315,204,295,274
2026-09-09,FIN,439,348,420,397
2026-09-09,SAUDE,209,78,203,208
2026-09-09,URB,156,156,156,156
2026-09-10,ADM,362,99,362,361
2026-09-10,CCJ,2422,2192,2389,2301
2026-09-10,ECON,200,44,200,196
2026-09-10,EDUC,315,204,295,276
2026-09-10,FIN,439,348,420,397
2026-09-10,SAUDE,208,77,203,207
2026-09-10,URB,154,154,154,154
2026-09-11,ADM,362,99,362,361
2026-09-11,CCJ,2444,2214,2411,2337
2026-09-11,ECON,200,44,200,196
2026-09-11,EDUC,315,204,295,312
2026-09-11,FIN,439,348,420,397
2026-09-11,SAUDE,208,77,203,207
2026-09-11,URB,154,154,154,154
2026-09-12,ADM,362,99,362,361
2026-09-12,CCJ,2444,2214,2411,2337
2026-09-12,ECON,200,44,200,196
2026-09-12,EDUC,315,204,295,312
2026-09-12,FIN,439,348,420,397
2026-09-12,SAUDE,208,77,203,207
2026-09-12,URB,154,154,154,154
2026-09-13,ADM,362,99,362,361
2026-09-13,CCJ,2444,2214,2411,2337
2026-09-13,ECON,200,44,200,196
2026-09-13,EDUC,315,204,295,312
2026-09-13,FIN,439,348,420,397
2026-09-13,SAUDE,208,77,203,207
2026-09-13,URB,154,154,154,154
2026-09-14,ADM,362,99,362,361
2026-09-14,CCJ,2443,2213,2410,2345
2026-09-14,ECON,200,44,200,198
2026-09-14,EDUC,315,204,295,313
2026-09-14,FIN,439,348,420,397
2026-09-14,SAUDE,208,77,203,207
2026-09-14,URB,154,154,154,154
2026-09-15,ADM,362,99,362,361
2026-09-15,CCJ,2443,2213,2410,2355
2026-09-15,ECON,200,44,200,198
2026-09-15,EDUC,315,204,295,313
2026-09-15,FIN,439,348,420,397
2026-09-15,SAUDE,208,77,203,207
2026-09-15,URB,154,154,154,154
2026-09-16,ADM,362,99,362,361
2026-09-16,CCJ,2443,2213,2410,2363
2026-09-16,ECON,200,44,200,198
2026-09-16,EDUC,315,204,295,313
2026-09-16,FIN,439,348,420,411
2026-09-16,SAUDE,208,77,203,207
2026-09-16,URB,154,154,154,154
2026-09-17,ADM,371,108,371,370
2026-09-17,CCJ,2416,2186,2399,2346
2026-09-17,ECON,200,44,200,198
2026-09-17,EDUC,314,203,305,312
2026-09-17,FIN,449,358,430,421
2026-09-17,SAUDE,211,80,206,210
2026-09-17,URB,157,157,157,157
2026-09-18,ADM,371,108,371,370
2026-09-18,CCJ,2416,2186,2399,2352
2026-09-18,ECON,200,44,200,198
2026-09-18,EDUC,314,203,305,312
2026-09-18,FIN,449,358,430,421
2026-09-18,SAUDE,211,80,206,210
2026-09-18,URB,157,157,157,157
2026-09-19,ADM,371,108,371,370
2026-09-19,CCJ,2416,2186,2399,2352
2026-09-19,ECON,200,44,200,198
2026-09-19,EDUC,314,203,305,312
2026-09-19,FIN,449,358,430,421
2026-09-19,SAUDE,211,80,206,210
2026-09-19,URB,157,157,157,157
2026-09-20,ADM,371,108,371,370
2026-09-20,CCJ,2416,2186,2399,2352
2026-09-20,ECON,200,44,200,198
2026-09-20,EDUC,314,203,305,312
2026-09-20,FIN,449,358,430,421
2026-09-20,SAUDE,211,80,206,210
2026-09-20,URB,157,157,157,157
2026-09-21,ADM,371,108,371,370
2026-09-21,CCJ,2416,2186,2399,2363
2026-09-21,ECON,200,44,200,198
2026-09-21,EDUC,314,203,305,312
2026-09-21,FIN,451,360,432,423
2026-09-21,SAUDE,209,78,205,209
2026-09-21,URB,157,157,157,157
2026-09-22,ADM,371,108,371,370
2026-09-22,CCJ,2395,2165,2394,2361
2026-09-22,ECON,200,44,200,198
2026-09-22,EDUC,314,203,305,313
2026-09-22,FIN,451,360,432,423
2026-09-22,SAUDE,209,78,205,209
2026-09-22,URB,157,157,157,157
2026-09-23,ADM,371,108,371,370
2026-09-23,CCJ,2395,2165,2394,2369
2026-09-23,ECON,200,44,200,198
2026-09-23,EDUC,314,203,305,314
2026-09-23,FIN,451,360,432,447
2026-09-23,SAUDE,209,78,205,209
2026-09-23,URB,157,157,157,157
2026-09-24,ADM,371,108,371,371
2026-09-24,CCJ,2402,2172,2402,2378
2026-09-24,ECON,200,44,200,198
2026-09-24,EDUC,301,190,301,301
2026-09-24,FIN,445,354,445,441
2026-09-24,SAUDE,209,78,205,209
2026-09-24,URB,157,157,157,157
2026-09-25,ADM,371,108,371,371
2026-09-25,CCJ,2445,2215,2445,2425
2026-09-25,ECON,200,44,200,198
2026-09-25,EDUC,301,190,301,301
2026-09-25,FIN,445,354,445,441
2026-09-25,SAUDE,209,78,205,209
2026-09-25,URB,157,157,157,157
2026-09-26,ADM,371,108,371,371
2026-09-26,CCJ,2445,2215,2445,2425
2026-09-26,ECON,200,44,200,198
2026-09-26,EDUC,301,190,301,301
2026-09-26,FIN,445,354,445,441
2026-09-26,SAUDE,209,78,205,209
2026-09-26,URB,157,157,157,157
2026-09-27,ADM,371,108,371,371
2026-09-27,CCJ,2445,2215,2445,2425
2026-09-27,ECON,200,44,200,198
2026-09-27,EDUC,301,190,301,301
2026-09-27,FIN,445,354,445,441
2026-09-27,SAUDE,209,78,205,209
2026-09-27,URB,157,157,157,157
2026-09-28,ADM,371,108,371,371
2026-09-28,CCJ,2445,2215,2445,2436
2026-09-28,ECON,200,44,200,198
2026-09-28,EDUC,301,190,301,301
2026-09-28,FIN,445,354,445,441
2026-09-28,SAUDE,209,78,205,209
2026-09-28,URB,157,157,157,157
2026-09-29,ADM,371,108,371,371
2026-09-29,CCJ,2445,2215,2445,2440
2026-09-29,ECON,200,44,200,199
2026-09-29,EDUC,301,190,301,301
2026-09-29,FIN,445,354,445,441
2026-09-29,SAUDE,209,78,205,209
2026-09-29,URB,157,157,157,157
2026-09-30,ADM,371,108,371,371
2026-09-30,CCJ,2445,2215,2445,2442
2026-09-30,ECON,200,44,200,200
2026-09-30,EDUC,298,187,298,298
2026-09-30,FIN,445,354,445,445
2026-09-30,SAUDE,202,71,202,202
2026-09-30,URB,156,156,156,156
2026-10-01,ADM,371,108,371,371
2026-10-01,CCJ,2445,2215,2445,2445
2026-10-01,ECON,200,44,200,200
2026-10-01,EDUC,298,187,298,298
2026-10-01,FIN,446,355,446,446
2026-10-01,SAUDE,202,71,202,202
2026-10-01,URB,156,156,156,156
2026-10-02,ADM,371,108,371,371
2026-10-02,CCJ,2445,2215,2445,2445
2026-10-02,ECON,200,44,200,200
2026-10-02,EDUC,298,187,298,298
2026-10-02,FIN,446,355,446,446
2026-10-02,SAUDE,202,71,202,202
2026-10-02,URB,156,156,156,156
