sigla,nome
1SS,1a. SubSecretaria
ADM,Comissão de Administração Pública
ARQUIVO,SECAO TECNICA DE ARQUIVO
ASSMILITAR,ASSESSORIA MILITAR
AT1,ASSESSORIA TECNICA DO PROCESSO LEGISLATIVO
AT2,ASSESSORIA TECNICO-JURIDICA
AT5,ASSESSORIA TECNICA DE INFORMATICA
ATM,ASSESSORIA TECNICA DA MESA
BANCADA,BANCADAS DOS PARTIDOS
BETO DO SOCIAL,BETO DO SOCIAL
CCI,Cerimonial e Eventos
CCI.4,CERIMONIAL
CCJ,"Comissão de Constituição, Justiça e Legislação Participativa"
CE-CONCESSÕES,Com. Estudos das Concessões-RPP 01/2017
CE-INOVAÇÃO,Com. Estudos de Tec. e Inovação-RPP 6/17
CE-SABESP,COMISSÃO ESPECIAL DE ESTUDOS SOBRE A PRIVATIZAÇÃO DA SABESP
CE-SMARTCITY,Comissão de Estudos SP Smart City
CECE,COMITÊ EXTRAORDINÁRIO DAS CHUVAS E ENCHENTES
CEE-PREVIDENCIA,COM. ESTUDOS PREVIDENCIA PLO 7/2021
CEE-RSCM,CEE-Recursos SCM - RPP 06-3/2017
CEPCAJ,Criança e Adolescente
CERIM,CERIMONIAL DA PRESIDENCIA
CES,COMISSAO ESPECIAL DE SINDICANCIA
CJL,Comissão de Julgamento de Licitação
CONT3,SECAO TECNICA DE CONTABILIDADE
CONT5,SUBDIVISAO DE FOLHAS DE PAGAMENTO
CORR,Corregedoria da Câmara Municipal de São Paulo
CPI - DEVEDORES,CPI DOS DEVEDORES - Proc. RDP 40/2025
CT-RI,COM. ESPECIAL ALT. REGIMENTO INTERNO
CTEO,Consultoria Técnica de Economia e Orçamento
DANIEL ANNENBERG,DANIEL ANNENBERG
DG,DIRETORIA GERAL
DHUMANOS,Direitos Humanos
DOCUMENTA,DEPARTAMENTO DE DOCUMENTACAO E INFORMACAO
DSG02,SECAO TECNICA DE PROTOCOLO
DT1,DEPARTAMENTO DE CONTABILIDADE E FISC. ORCAM.
DT2,DEPARTAMENTO DE COMUNICACOES E TRANSPORTES
DT3,DEPARTAMENTO DO EXPEDIENTE
DT4,DEPARTAMENTO DO PESSOAL
DT6,DEPARTAMENTO DE SERVICOS GERAIS
DT7,DEPARTAMENTO DOS SERVICOS LEGISLATIVOS
ECON,"Comissão de Trânsito, Transporte, Mobilidade Urbana e Atividade Econômica"
EDUC,"Comissão de Educação, Cultura e Esportes"
EXTRA-AMBIENTE,Comissão Extraordinária de Meio Ambiente e dos Direitos dos Animais
EXTRA-CRIANÇA,"Comissão Extraordinária de Defesa dos Direitos da Criança, do Adolescente e da Juventude"
EXTRA-DHUM,Comissão Extraordinária de Defesa dos Direitos Humanos e Cidadania
EXTRA-IDOSO,Comissão Extraordinária do Idoso e de Assistência Social
EXTRA-INOVAÇÃO,"Comissão Extraordinária de Inovação, Tecnologia e Cidade Inteligente"
EXTRA-RINTER,Comissão Extraordinária de Relações Internacionais
EXTRA-SEGPUB,Comissão Extraordinária de Segurança Pública
EXTRA-TURISMO,"Com. Extraord. Apoio ao Desenvolv. do Turismo, do Lazer, da Gastronomia, da Hospitalidade e Eventos"
FIN,Comissão de Finanças e Orçamento
GV01,GABINETE DE VEREADOR 01
GV02,GABINETE DE VEREADOR 02
GV03,GABINETE DE VEREADOR 03
GV04,GABINETE DE VEREADOR 04
GV05,GABINETE DE VEREADOR 05
GV06,GABINETE DE VEREADOR 06
GV07,GABINETE DE VEREADOR 07
GV08,GABINETE DE VEREADOR 08
GV09,GABINETE DE VEREADOR 09
GV10,GABINETE DE VEREADOR 10
GV11,GABINETE DE VEREADOR 11
GV12,GABINETE DE VEREADOR 12
GV13,GABINETE DE VEREADOR 13
GV14,GABINETE DE VEREADOR 14
GV15,GABINETE DE VEREADOR 15
GV16,GABINETE DE VEREADOR 16
GV17,GABINETE DE VEREADOR 17
GV18,GABINETE DE VEREADOR 18
GV19,GABINETE DE VEREADOR 19
GV20,GABINETE DE VEREADOR 20
GV21,GABINETE DE VEREADOR 21
GV22,GABINETE DE VEREADOR 22
GV23,GABINETE DE VEREADOR 23
GV24,GABINETE DE VEREADOR 24
GV25,GABINETE DE VEREADOR 25
GV26,GABINETE DE VEREADOR 26
GV27,GABINETE DE VEREADOR 27
GV28,GABINETE DE VEREADOR 28
GV29,GABINETE DE VEREADOR 29
GV30,GABINETE DE VEREADOR 30
GV31,GABINETE DE VEREADOR 31
GV32,GABINETE DE VEREADOR 32
GV33,GABINETE DE VEREADOR 33
GV34,GABINETE DE VEREADOR 34
GV35,GABINETE DE VEREADOR 35
GV36,GABINETE DE VEREADOR 36
GV37,GABINETE DE VEREADOR 37
GV38,GABINETE DE VEREADOR 38
GV39,GABINETE DE VEREADOR 39
GV40,GABINETE DE VEREADOR 40
GV41,GABINETE DE VEREADOR 41
GV42,GABINETE DE VEREADOR 42
GV43,GABINETE DE VEREADOR 43
GV44,GABINETE DE VEREADOR 44
GV45,GABINETE DE VEREADOR 45
GV46,GABINETE DE VEREADOR 46
GV47,GABINETE DE VEREADOR 47
GV48,GABINETE DE VEREADOR 48
GV49,GABINETE DE VEREADOR 49
GV50,GABINETE DE VEREADOR 50
GV51,GABINETE DE VEREADOR 51
GV52,GABINETE DE VEREADOR 52
GV53,GABINETE DE VEREADOR 53
GV54,GABINETE DE VEREADOR 54
GV55,GABINETE DE VEREADOR 55
LEG1,SECAO TECNICA DOS SERVICOS LEGISLATIVOS
LEG2,SECAO TECNICA DO EXPEDIENTE LEGISLATIVO
LEG3,SECAO TECNICA PREPARO REG.DOCTOS.LEGISLATIVOS
LID PCdoB,Liderança do PC do B
LIDER PMDB,Liderança do PMDB
LIDER PSDB,Liderança do PSDB
LIDER PSOL,Liderança do PSOL
LIDER. GOV,Liderança do Governo
LIDER. PP,Liderança do PP
LIDER. PPS,Liderança do PPS
LIDER. PR,Liderança do PR
LIDER. PRB,Liderança do PRB
LIDER. PRO,Liderança do PROS
LIDER. PSB,Liderança do PSB
LIDER. PSD,Liderança do PSD
LIDER. PT,Liderança do PT
LIDER. PTB,Liderança do PTB
LIDER. PV,Liderança do PV
MICROF,SETOR DE MICROFILMAGEM
NRIOPIN,SUBCOMISSÃO DE FISCALIZAÇÃO DO PROJETO NOVO RIO PINHEIROS
PEM,PROCURADORIA ESPECIAL DA MULHER
PESQUISA,Pesq.  Ass.  Análise Prévia das Proposituras
PRESID,Presidência da Câmara
PROC-CMSP,Procuradoria
RDI,RDI - COMISSAO ESTUDO GCM
SAMPAPREV,Comissão de Estudos sobre o PL 621/16
SAUDE,"Comissão de Saúde, Promoção Social, Trabalho e Mulher"
SGP,Secretaria Geral Parlamentar
SGP1,Secretaria das Comissões
SGP12,Equipe de Secretaria das Comissões do Processo Legislativo
SGP13,Equipe da Secretaria das Comissões Extraordinárias e Temporárias
SGP14,Equipe da Secretaria das Comissões Parlamentares de Inquérito (CPIs)
SGP2,Subsecretaria de Apoio Legislativo
SGP21,Equipe de Apoio ao Plenário
SGP22,Equipe de Controle do Processo Legislativo
SGP23,Equipe de Finalização do Processo Legislativo
SGP24,Equipe de Elaboração de Pautas
SGP25,SGP-25 - Unidade de Expediente
SGP34,Secretaria de Documentação - Expediente
SGP41,"Equipe de Registro, Redação e Revisão"
SGP42,Equipe de Publicação
SGP43,Equipe de Apoio ao Registro Parlamentar
SGP5,Consultoria Técnico Legislativa
SGP51,Assessoria e Consultoria de Urbanismo e Meio Ambiente
SGP52,Assessoria e Consultoria da Área Social
SGP53,Assessoria e Consultoria de Administração Pública
SGP6,Expediente SGP
SPLEGIS,SPLEGIS
ST6,SETOR DE PROCESSAMENTO DE DADOS
SUBCALÇADAS,SUBCOMISSÃO DE CALÇADAS E MOBILIDADE A PÉ
SUBCARNAVAL,SUBCARNAVAL
SUBCULTURA,SUBCOMISSÃO DE CULTURA
SUBGCM,SUBCOMISSÃO REGULAMENTO DISCIPLINAR GCM
SUBHOM,Subcomissão temporária de estudos sobre homicídios praticados contra jovens negros e periféricos
SUBJUVENTUDE,SUBCOMISSÃO DE JUVENTUDE
SUBMOTOTAXI,SUBCOMISSÃO DE REGULAMENTAÇÃO MOTOTÁXI
SUBP,SUBCOMISSÃO SOBRE POLÍTICAS DE DROGAS  ENVOLVENDO CENAS DE USO NA CIDADE DE SÃO PAULO
SUBPARAISÓPOLIS,SUBPARAISÓPOLIS
SUBPMC,SUBPMC - PLANO MUNICIPAL DE CULTURA
SUBREFORMAS,SUBCOMISSÃO SOBRE AS REFORMAS ADMINISTRATIVAS E TRIBUTÁRIA
SUBTARIFA-ZERO,SUBCOMISSÃO DA TARIFA ZERO
SUPLENCIA,SUPLENTES DE VEREADORES
SUPOL,SUBCOMISSÃO DE ESTUDO E DEBATE AO PL.27/2017 - DISPÕE SOBRE POLÍTICAS PÚBLICAS DA PRIMEIRA INFÂNCIA
TRAMITAÇÃO ENCERRADA,TRAMITAÇÃO ENCERRADA
TURLG,EXTRAORD: DE TURISMO LAZER E GASTRONOMIA
URB,"Comissão de Política Urbana, Metropolitana e Meio Ambiente"
ver. ABOU ANNI,ABOU ANNI
ver. ADILSON AMADEU,ADILSON AMADEU
ver. ADOLFO QUINTAS,ADOLFO QUINTAS
ver. ADRIANA RAMALHO,ADRIANA RAMALHO
ver. ADRILLES JORGE,ADRILLES JORGE
ver. ALESSANDRO GUEDES,ALESSANDRO GUEDES
ver. ALFREDINHO,ALFREDINHO
ver. ALINE CARDOSO,ALINE CARDOSO
ver. AMANDA PASCHOAL,AMANDA PASCHOAL
ver. AMANDA VETTORAZZO,AMANDA VETTORAZZO
ver. AMAURI SILVA,AMAURI SILVA
ver. ANA CAROLINA OLIVEIRA,ANA CAROLINA OLIVEIRA
ver. ANDREA MATARAZZO,ANDREA MATARAZZO
ver. ANDRÉ SANTOS,ANDRÉ SANTOS
ver. ANDRÉ SOUZA,ANDRÉ SOUZA
ver. ANIBAL DE FREITAS FILHO,ANIBAL DE FREITAS FILHO
ver. ANTONIO DONATO,ANTONIO DONATO
ver. ARI FRIEDENBACH,ARI FRIEDENBACH
ver. ARMANDINHO FERREIRO,ARMANDINHO FERREIRO
ver. ARSELINO TATTO,ARSELINO TATTO
ver. ATILIO FRANCISCO,ATILIO FRANCISCO
ver. AURELIO NOMURA,AURELIO NOMURA
ver. AURÉLIO MIGUEL,AURÉLIO MIGUEL
ver. BIOTO NPN,BIOTO NPN
ver. BOMBEIRO MAJOR PALUMBO,BOMBEIRO MAJOR PALUMBO
ver. CAIO MIRANDA CARNEIRO,CAIO MIRANDA CARNEIRO
ver. CALVO,CALVO
ver. CAMILO CRISTÓFARO,CAMILO CRISTÓFARO
ver. CARLOS BEZERRA JR.,CARLOS ALBERTO BEZERRA JR.
ver. CELSO GIANNAZI,CELSO GIANNAZI
ver. CELSO JATENE,CELSO JATENE
ver. CLAUDINHO DE SOUZA,CLAUDINHO DE SOUZA
ver. CLAUDIO FONSECA,CLAUDIO FONSECA
ver. CONTE LOPES,CONTE LOPES
ver. CORONEL SALLES,CORONEL SALLES
ver. CRIS MONTEIRO,CRIS MONTEIRO
ver. DALTON SILVANO,DALTON SILVANO
ver. DANILO DO POSTO DE SAÚDE,DANILO DO POSTO DE SAÚDE
ver. DAVID SOARES,DAVID SOARES
ver. DELEGADO PALUMBO,DELEGADO PALUMBO
ver. DHEISON SILVA,DHEISON SILVA
ver. DR SIDNEY CRUZ,DR SIDNEY CRUZ
ver. DR. ADRIANO SANTOS,DR. ADRIANO SANTOS
ver. DR. MURILLO LIMA,DR. MURILLO LIMA
ver. DR. NUNES PEIXEIRO,DR. NUNES PEIXEIRO
ver. EDIR SALES,EDIR SALES
ver. EDSON JAPÃO,EDSON JAPÃO
ver. EDUARDO MATARAZZO SUPLICY,EDUARDO MATARAZZO SUPLICY
ver. EDUARDO TUMA,EDUARDO TUMA
ver. ELAINE DO QUILOMBO PERIFÉRICO,ELAINE DO QUILOMBO PERIFÉRICO
ver. ELI CORRÊA,ELI CORRÊA
ver. ELISEU GABRIEL,ELISEU GABRIEL
ver. ELY TERUEL,ELY TERUEL
ver. ERIKA HILTON,ERIKA HILTON
ver. FABIO RIVA,FABIO RIVA
ver. FARIA DE SÁ,FARIA DE SÁ
ver. FELIPE BECARI,FELIPE BECARI
ver. FELIPE FRANCO,FELIPE FRANCO
ver. FERNANDO HOLIDAY,FERNANDO HOLIDAY
ver. GABRIEL ABREU,GABRIEL ABREU
ver. GEORGE HATO,GEORGE HATO
ver. GILBERTO NASCIMENTO,GILBERTO NASCIMENTO
ver. GILBERTO NASCIMENTO,GILBERTO NASCIMENTO
ver. GILSON BARRETO,GILSON BARRETO
ver. GUILHERME CORRÊA,GUILHERME CORRÊA
ver. HÉLIO RODRIGUES,HÉLIO RODRIGUES
ver. ISAC FÉLIX,ISAC FÉLIX
ver. JAIR TATTO,JAIR TATTO
ver. JANAINA LIMA,JANAINA LIMA
ver. JANAINA PASCHOAL,JANAINA PASCHOAL
ver. JONAS CAMISA NOVA,JONAS CAMISA NOVA
ver. JORGE WILSON FILHO,JORGE WILSON FILHO
ver. JOSÉ OLÍMPIO,JOSÉ OLÍMPIO
ver. JOSÉ POLICE NETO,JOSÉ POLICE NETO
ver. JOÃO ANANIAS,JOÃO ANANIAS
ver. JOÃO JORGE,JOÃO JORGE
ver. JULIANA CARDOSO,JULIANA CARDOSO
ver. JUSSARA BASSO,JUSSARA BASSO
ver. KEIT LIMA,KEIT LIMA
ver. KENJI PALUMBO,KENJI PALUMBO
ver. LAÉRCIO BENKO,LAÉRCIO BENKO
ver. LIGIERI,LIGIERI
ver. LUANA ALVES,LUANA ALVES
ver. LUCAS PAVANATO,LUCAS PAVANATO
ver. LUIZ PROTEÇÃO ANIMAL,LUIZ PROTEÇÃO ANIMAL
ver. LUNA ZARATTINI BRANDÃO,LUNA ZARATTINI BRANDÃO
ver. MANOEL DEL RIO,MANOEL DEL RIO
ver. MARCELO MESSIAS,MARCELO MESSIAS
ver. MARCO AURELIO CUNHA,MARCO AURELIO CUNHA
ver. MARCOS BELIZÁRIO,MARCOS BELIZÁRIO
ver. MARINA BRAGANTE,MARINA BRAGANTE
ver. MARLON DO UBER,MARLON DO UBER
ver. MARQUITO,MARQUITO
ver. MILTON FERREIRA,MILTON FERREIRA
ver. MILTON LEITE,MILTON LEITE
ver. MÁRIO COVAS NETO,MÁRIO COVAS NETO
ver. NABIL BONDUKI,NABIL BONDUKI
ver. NATALINI,NATALINI
ver. NELO RODOLFO,NELO RODOLFO
ver. NETINHO DE PAULA,NETINHO DE PAULA
ver. NOEMI NONATO,NOEMI NONATO
ver. OTA,OTA
ver. PASTORA SANDRA ALVES,PASTORA SANDRA ALVES
ver. PATRÍCIA BEZERRA,PATRÍCIA BEZERRA
ver. PAULO FIORILO,PAULO FIORILO
ver. PAULO FRANGE,PAULO FRANGE
ver. PR. EDEMILSON CHAVES,PR. EDEMILSON CHAVES
ver. QUITO FORMIGA,QUITO FORMIGA
ver. REIS,REIS
ver. RENATA FALZONI,RENATA FALZONI
ver. RICARDO NUNES,RICARDO NUNES
ver. RICARDO TEIXEIRA,RICARDO TEIXEIRA
ver. RICARDO YOUNG,RICARDO YOUNG
ver. RINALDI DIGILIO,RINALDI DIGILIO
ver. ROBERTO TRIPOLI,ROBERTO TRIPOLI
ver. RODOLFO DESPACHANTE,RODOLFO DESPACHANTE
ver. RODRIGO FONSECA,Rodrigo Fonseca
ver. RODRIGO GOMES,RODRIGO GOMES
ver. RODRIGO GOULART,RODRIGO GOULART
ver. RUBINHO NUNES,RUBINHO NUNES
ver. RUTE COSTA,RUTE COSTA
ver. SALOMÃO PEREIRA,SALOMÃO PEREIRA
ver. SANDRA SANTANA,SANDRA SANTANA
ver. SANDRA TADEU,SANDRA TADEU
ver. SANSÃO PEREIRA,SANSÃO PEREIRA
ver. SARGENTO NANTES,SARGENTO NANTES
ver. SENIVAL MOURA,SENIVAL MOURA
ver. SILVIA DA BANCADA FEMINISTA,SILVIA DA BANCADA FEMINISTA
ver. SILVINHO LEITE,SILVINHO LEITE
ver. SILVÃO LEITE,SILVÃO LEITE
ver. SIMONE GANEM,SIMONE GANEM
ver. SONAIRA FERNANDES,SONAIRA FERNANDES
ver. SONINHA FRANCINE,SONINHA FRANCINE
ver. SOUZA SANTOS,SOUZA SANTOS
ver. SÂMIA BOMFIM,SÂMIA BOMFIM
ver. THAMMY MIRANDA,THAMMY MIRANDA
ver. TONINHO PAIVA,TONINHO PAIVA
ver. TONINHO VESPOLI,TONINHO VESPOLI
ver. VALDECIR CABRABOM,VALDECIR CABRABOM
ver. VAVÁ,VAVÁ
ver. WADIH MUTRAN,WADIH MUTRAN
ver. WALDIR JÚNIOR,WALDIR JÚNIOR
ver. XEXÉU TRIPOLI,XEXÉU TRIPOLI
ver. ZOE MARTINEZ,ZOE MARTINEZ
ver. ZÉ TURIN,ZÉ TURIN
