vereador,partido,inicio,fim
ABEL FERREIRA CASTILHO,PDS,1989-01-01T00:00:00,1992-04-01T00:00:00
ABEL FERREIRA CASTILHO,PPR,1992-04-01T00:00:00,
ABOU ANNI,PV,2005-01-01T00:00:00,2018-01-21T00:00:00
ABOU ANNI,UNIÃO,2018-03-28T00:00:00,
ADAIR PAGAMISSE,MDB,1993-01-01T00:00:00,
ADEMIR DA GUIA,PC DO B,2005-01-01T00:00:00,2007-02-28T00:00:00
ADEMIR DA GUIA,PL,2007-03-01T00:00:00,
ADILSON AMADEU,PTB,2005-01-01T00:00:00,2019-10-01T00:00:00
ADILSON AMADEU,DEM,2019-10-02T00:00:00,2022-02-07T00:00:00
ADILSON AMADEU,UNIÃO,2022-02-08T00:00:00,
ADOLFO QUINTAS,PSDB,2005-01-01T00:00:00,2016-04-01T00:00:00
ADOLFO QUINTAS,PSD,2016-04-02T00:00:00,
ADRIANA RAMALHO,PSDB,2013-05-03T00:00:00,
ADRIANO DIOGO,PT,1989-01-01T00:00:00,
ADRILLES JORGE,UNIÃO,2024-04-05T00:00:00,
AFANASIO JAZADJI,MDB,2000-01-01T00:00:00,
AGNALDO TIMÓTEO,PP,2005-01-01T00:00:00,2007-02-28T00:00:00
AGNALDO TIMÓTEO,PL,2007-03-01T00:00:00,
ALAN LOPES,PPB,1996-04-01T00:00:00,
ALBERTINO NOBRE,PTB,1983-01-01T00:00:00,
ALBERTO CALVO,PTB,1989-01-01T00:00:00,1992-07-01T00:00:00
ALBERTO CALVO,PSB,1993-01-01T00:00:00,
ALBERTO HIAR,MDB,1993-01-01T00:00:00,1995-12-15T00:00:00
ALBERTO HIAR,PSDB,1995-12-15T00:00:00,
ALCIDES AMAZONAS,PC DO B,2001-01-01T00:00:00,
ALDAIZA SPOSATI,PT,1993-01-01T00:00:00,
ALDO REBELO,PC DO B,1989-01-01T00:00:00,
ALESSANDRO GUEDES,PT,2013-01-01T00:00:00,
ALEX FREUA NETO,PTB,1989-01-01T00:00:00,1992-04-01T00:00:00
ALEX FREUA NETO,PPR,1992-04-01T00:00:00,1995-09-14T00:00:00
ALEX FREUA NETO,PDS,1992-04-02T00:00:00,1992-04-01T00:00:00
ALEX FREUA NETO,PPB,1995-09-14T00:00:00,
ALFREDINHO,PT,2005-01-01T00:00:00,
ALFREDO MARTINS,PDS,1983-01-01T00:00:00,1985-06-02T00:00:00
ALFREDO MARTINS,PFL,1985-06-03T00:00:00,
ALINE CARDOSO,PSDB,1998-03-20T00:00:00,
ALMIR GUIMARAES,MDB,1983-02-01T00:00:00,1992-03-31T00:00:00
ALMIR GUIMARAES,PTB,1992-04-01T00:00:00,1995-12-15T00:00:00
ALMIR GUIMARAES,PDT,1995-12-15T00:00:00,
ALTINO LIMA,MDB,1983-02-01T00:00:00,
AMANDA PASCHOAL,PSOL,2023-03-27T00:00:00,
AMANDA VETTORAZZO,UNIÃO,2022-03-28T00:00:00,
AMAURI SILVA,PODE,2010-11-10T00:00:00,
ANA CAROLINA OLIVEIRA,PODE,2024-04-03T00:00:00,
ANA MARIA QUADROS,PSDB,1993-01-01T00:00:00,
ANA MARTINS,PC DO B,1993-01-01T00:00:00,
ANDRADE FIGUEIRA,MDB,1983-02-01T00:00:00,
ANDREA MATARAZZO,PSDB,2013-01-01T00:00:00,2016-03-18T00:00:00
ANDREA MATARAZZO,PSD,2016-03-30T00:00:00,
ANDRÉ SANTOS,REPUBLICANOS,2015-02-17T00:00:00,
ANDRÉ SOUZA,REPUBLICANOS,2025-08-05T00:00:00,
ANERCIDES VALENTE,MDB,1983-02-01T00:00:00,
ANIBAL DE FREITAS FILHO,PSDB,2009-01-01T00:00:00,2016-03-17T00:00:00
ANIBAL DE FREITAS FILHO,PV,2016-03-17T00:00:00,
ANTONIO CARLOS CARUSO,MDB,1989-01-01T00:00:00,
ANTONIO CARLOS FERNANDES,PTB,1983-02-01T00:00:00,1985-07-03T00:00:00
ANTONIO CARLOS FERNANDES,PMC,1985-07-04T00:00:00,
ANTONIO CARLOS RODRIGUES,PL*,2001-01-01T00:00:00,2007-02-28T00:00:00
ANTONIO CARLOS RODRIGUES,PL,2007-03-01T00:00:00,
ANTONIO DONATO,PT,2005-01-01T00:00:00,
ANTONIO JOSE DA SILVA FILHO (BIRO-BIRO),PDS,1989-01-01T00:00:00,1992-02-01T00:00:00
ANTONIO JOSE DA SILVA FILHO (BIRO-BIRO),MDB,1992-02-03T00:00:00,
ANTONIO PAES - BARATÃO,PRONA,2001-01-01T00:00:00,
ANTONIO SAMPAIO,PDS,1983-02-01T00:00:00,1992-04-01T00:00:00
ANTONIO SAMPAIO,PPR,1992-04-01T00:00:00,
APARECIDO SIDNEY DE OLIVEIRA,PV,2010-01-01T00:00:00,
ARCHIBALDO ZANCRA,PPR,1993-01-01T00:00:00,1995-09-14T00:00:00
ARCHIBALDO ZANCRA,PPB,1995-09-14T00:00:00,1999-09-19T00:00:00
ARCHIBALDO ZANCRA,PL*,1999-09-20T00:00:00,
ARI FRIEDENBACH,CIDADANIA,2013-01-01T00:00:00,2013-10-22T00:00:00
ARI FRIEDENBACH,PROS,2013-10-23T00:00:00,2015-11-04T00:00:00
ARI FRIEDENBACH,PHS,2015-11-04T00:00:00,2018-02-21T00:00:00
ARI FRIEDENBACH,PSOL,2019-10-01T00:00:00,
ARMANDINHO FERREIRO,MDB,2011-09-22T00:00:00,
ARMANDO MELLAO NETO,PPB,1996-04-01T00:00:00,1999-08-28T00:00:00
ARMANDO MELLAO NETO,MDB,1999-08-29T00:00:00,
ARMELINDO PASSONI,PT,1989-01-01T00:00:00,
ARNALDO ALVES,MDB,1983-02-01T00:00:00,
ARNALDO MADEIRA,MDB,1983-02-01T00:00:00,1988-12-31T00:00:00
ARNALDO MADEIRA,PSDB,1989-01-01T00:00:00,
ARSELINO TATTO,PT,1989-01-01T00:00:00,
ASSIR PEREIRA,PSDB,1996-04-01T00:00:00,
ATTILA RUSSOMANNO,PP,2005-01-01T00:00:00,
ATÍLIO FRANCISCO,PTB,2001-01-01T00:00:00,2005-08-24T00:00:00
ATÍLIO FRANCISCO,REPUBLICANOS,2005-08-25T00:00:00,
AUGUSTO CAMPOS,PT,2001-01-01T00:00:00,
AURELINO DE ANDRADE,PDS,1983-02-01T00:00:00,1985-07-31T00:00:00
AURELINO DE ANDRADE,PFL,1985-08-01T00:00:00,
AURÉLIO MIGUEL,PL*,2005-01-01T00:00:00,2007-02-28T00:00:00
AURÉLIO MIGUEL,PL,2007-03-01T00:00:00,
AURÉLIO NOMURA,PL*,1993-01-01T00:00:00,1995-12-15T00:00:00
AURÉLIO NOMURA,PSDB,1995-12-15T00:00:00,2003-12-31T00:00:00
AURÉLIO NOMURA,PV,2005-01-01T00:00:00,2011-10-13T00:00:00
AURÉLIO NOMURA,PSDB,2011-10-13T00:00:00,2024-03-17T00:00:00
AURÉLIO NOMURA,PSD,2024-03-18T00:00:00,
AVANIR DURAN GALHARDO,MDB,1983-02-01T00:00:00,1995-12-15T00:00:00
AVANIR DURAN GALHARDO,PTB,1995-12-15T00:00:00,
BETO CUSTODIO,PT,2001-01-01T00:00:00,
BETO DO SOCIAL,PSDB,2016-04-01T00:00:00,
BILU VILLELA,PDT,2004-01-01T00:00:00,2005-09-28T00:00:00
BILU VILLELA,PTB,2005-09-29T00:00:00,
BIOTO NPN,PSL,2020-04-04T00:00:00,2022-02-07T00:00:00
BIOTO NPN,UNIÃO,2022-02-08T00:00:00,
BRASIL VITA,PTB,1983-02-01T00:00:00,1995-09-14T00:00:00
BRASIL VITA,PPB,1995-09-14T00:00:00,
BRUNO FEDER,PL*,1989-01-01T00:00:00,1989-07-31T00:00:00
BRUNO FEDER,PRN,1989-08-01T00:00:00,1990-03-29T00:00:00
BRUNO FEDER,PDS,1990-03-30T00:00:00,1992-04-01T00:00:00
BRUNO FEDER,PPR,1992-04-01T00:00:00,1995-12-15T00:00:00
BRUNO FEDER,PPB,1995-12-15T00:00:00,
CAIO MIRANDA CARNEIRO,PSB,2015-09-30T00:00:00,2020-04-05T00:00:00
CAIO MIRANDA CARNEIRO,UNIÃO,2020-04-06T00:00:00,
CALVO,PSB,1997-01-01T00:00:00,2003-12-31T00:00:00
CALVO,PT,2004-01-01T00:00:00,2008-12-31T00:00:00
CALVO,MDB,2013-01-01T00:00:00,2016-03-30T00:00:00
CALVO,PDT,2016-03-30T00:00:00,
CAMILO CRISTÓFARO,PSB,2015-01-05T00:00:00,2022-05-10T00:00:00
CAMILO CRISTÓFARO,AVANTE,2022-05-11T00:00:00,
CARLOS APOLINARIO,MDB,2001-01-01T00:00:00,2001-07-09T00:00:00
CARLOS APOLINARIO,PDT,2003-01-30T00:00:00,2007-02-13T00:00:00
CARLOS APOLINARIO,PFL,2007-02-14T00:00:00,2007-03-27T00:00:00
CARLOS APOLINARIO,DEM,2007-03-28T00:00:00,2012-07-23T00:00:00
CARLOS APOLINARIO,MDB,2012-07-24T00:00:00,
CARLOS BEZERRA JR.,PSDB,2001-01-01T00:00:00,2024-04-03T00:00:00
CARLOS BEZERRA JR.,PSD,2024-04-04T00:00:00,
CARLOS GIANNAZI,PT,2001-01-01T00:00:00,
CARLOS NEDER,PT,1996-04-01T00:00:00,
CARLOS TAKAHASHI,PFL,1996-04-01T00:00:00,
CARLOS ZARATTINI,PT,1993-01-01T00:00:00,
CARMINO PEPE,PL*,1999-09-01T00:00:00,
CELSO CARDOSO,PPB,1996-04-01T00:00:00,
CELSO GIANNAZI,PSOL,2007-09-15T00:00:00,
CELSO JATENE,PTB,2001-01-01T00:00:00,2016-03-04T00:00:00
CELSO JATENE,PL,2016-03-15T00:00:00,
CELSO MATSUDA,PDS,1983-02-01T00:00:00,1985-02-28T00:00:00
CELSO MATSUDA,PFL,1985-03-01T00:00:00,
CHICO MACENA,PT,2005-01-01T00:00:00,
CHICO WHITAKER,PT,1989-01-01T00:00:00,
CLAUDETE ALVES,PT,2001-01-01T00:00:00,
CLAUDINHO DE SOUZA,PSDB,2005-01-01T00:00:00,2022-03-29T00:00:00
CLAUDINHO DE SOUZA,PODE,2022-03-30T00:00:00,
CLAUDIO BARROSO GOMES,PT,1983-02-01T00:00:00,
CLAUDIO FONSECA,PC DO B,2001-01-01T00:00:00,2005-01-01T00:00:00
CLAUDIO FONSECA,CIDADANIA,2009-01-01T00:00:00,
CLÁUDIO PRADO,PDT,2005-01-01T00:00:00,
CONTE LOPES,PTB,2013-01-01T00:00:00,2016-03-14T00:00:00
CONTE LOPES,PP,2016-03-14T00:00:00,
CORONEL CAMILO,PSD,2013-01-01T00:00:00,
CORONEL SALLES,PSD,2020-03-29T00:00:00,
CORONEL TELHADA,PSDB,2013-01-01T00:00:00,
COSME LOPES,PPR,1993-01-01T00:00:00,1995-09-14T00:00:00
COSME LOPES,PPB,1995-09-14T00:00:00,
CRIS MONTEIRO,NOVO,2017-07-01T00:00:00,
DALMO PESSOA,MDB,1983-02-01T00:00:00,
DALTON SILVANO,PSDB,1996-04-01T00:00:00,2011-04-18T00:00:00
DALTON SILVANO,PV,2011-08-19T00:00:00,2016-01-28T00:00:00
DALTON SILVANO,UNIÃO,2016-01-29T00:00:00,
DANIEL ANNENBERG,PSDB,2005-09-29T00:00:00,2022-08-02T00:00:00
DANIEL ANNENBERG,S/PARTIDO,2022-08-03T00:00:00,2022-11-16T00:00:00
DANIEL ANNENBERG,PSB,2022-11-17T00:00:00,
DANILO DO POSTO DE SAÚDE,PODE,2020-03-30T00:00:00,
DARCIO ARRUDA,MDB,1993-01-01T00:00:00,1995-12-15T00:00:00
DARCIO ARRUDA,PPB,1995-12-15T00:00:00,
DAVID SOARES,PSC,2009-01-01T00:00:00,2011-10-06T00:00:00
DAVID SOARES,PSD,2011-10-06T00:00:00,2016-03-15T00:00:00
DAVID SOARES,UNIÃO,2016-03-30T00:00:00,
DELEGADO PALUMBO,MDB,2020-03-30T00:00:00,
DEVANIR RIBEIRO,PT,1989-01-01T00:00:00,
DHEISON SILVA,PT,2004-07-25T00:00:00,
DITO SALIM,PPR,1993-01-01T00:00:00,1996-03-31T00:00:00
DITO SALIM,PPB,1996-04-01T00:00:00,
DOMINGOS DISSEI,PPB,1996-04-01T00:00:00,2001-07-01T00:00:00
DOMINGOS DISSEI,PFL,2001-07-01T00:00:00,2007-03-27T00:00:00
DOMINGOS DISSEI,DEM,2007-03-28T00:00:00,2011-10-11T00:00:00
DOMINGOS DISSEI,PSD,2011-10-11T00:00:00,
DR. ADRIANO SANTOS,PSB,2019-10-04T00:00:00,2024-03-12T00:00:00
DR. ADRIANO SANTOS,PT,2024-03-12T00:00:00,
DR. MILTON FERREIRA,CIDADANIA,2009-01-01T00:00:00,2011-10-11T00:00:00
DR. MILTON FERREIRA,PODE,2015-09-30T00:00:00,
DR. MURILLO LIMA,PP,2024-04-06T00:00:00,
DRA. SANDRA TADEU,DEM,2009-01-01T00:00:00,2022-02-07T00:00:00
DRA. SANDRA TADEU,UNIÃO,2022-02-08T00:00:00,2024-03-26T00:00:00
DRA. SANDRA TADEU,PL,2024-03-27T00:00:00,
EDER JOFRE,PDS,1983-02-01T00:00:00,1989-05-11T00:00:00
EDER JOFRE,PSDB,1989-05-12T00:00:00,
EDGAR MARTINS,PDS,1983-02-01T00:00:00,1992-04-01T00:00:00
EDGAR MARTINS,PPR,1992-04-01T00:00:00,
EDIR SALES,DEM,2009-01-01T00:00:00,2011-10-11T00:00:00
EDIR SALES,PSD,2011-10-11T00:00:00,
EDIVALDO ESTIMA,PTB,1993-01-01T00:00:00,1995-12-15T00:00:00
EDIVALDO ESTIMA,PPB,1995-12-15T00:00:00,2003-01-30T00:00:00
EDIVALDO ESTIMA,CIDADANIA,2003-01-31T00:00:00,
EDSON APARECIDO,PSDB,1989-03-06T00:00:00,
EDSON FALANGA,PL*,1989-01-01T00:00:00,
EDSON JAPÃO,NOVO,2020-01-01T00:00:00,
EDSON SIMOES,MDB,1983-02-01T00:00:00,1995-09-14T00:00:00
EDSON SIMOES,PPB,1995-09-14T00:00:00,
EDUARDO MATARAZZO SUPLICY,PT,1989-01-01T00:00:00,
EDUARDO TUMA,PSDB,2013-01-01T00:00:00,
ELAINE DO QUILOMBO PERIFÉRICO,PSOL,2019-10-07T00:00:00,
ELI CORRÊA,DEM,2013-10-03T00:00:00,2022-02-07T00:00:00
ELI CORRÊA,UNIÃO,2022-02-08T00:00:00,
ELISEU GABRIEL,PDT,2001-01-01T00:00:00,2004-12-31T00:00:00
ELISEU GABRIEL,PSB,2005-01-01T00:00:00,
ELY TERUEL,PODE,2018-03-29T00:00:00,2024-04-04T00:00:00
ELY TERUEL,MDB,2024-04-05T00:00:00,
EMILIO MENEGHINI,PTB,1993-01-01T00:00:00,1995-12-15T00:00:00
EMILIO MENEGHINI,PPB,1995-12-15T00:00:00,
ERASMO DIAS,PPB,2001-01-01T00:00:00,
ERCI AYALA,MDB,1993-01-01T00:00:00,
ERIKA HILTON,PSOL,2015-10-08T00:00:00,
EURIPEDES SALES,MDB,1983-02-01T00:00:00,
EVALDO SILVA,PPR,1993-01-01T00:00:00,
EVERSON MARCOS,PSDB,2005-01-01T00:00:00,
FABIO RIVA,PSDB,2001-04-02T00:00:00,2024-04-02T00:00:00
FABIO RIVA,MDB,2024-04-03T00:00:00,
FARHAT,PSD,2001-01-01T00:00:00,2003-01-01T00:00:00
FARHAT,PTB,2003-01-01T00:00:00,
FARIA DE SÁ,PP,2018-03-27T00:00:00,
FAUSTO TOMAZ DE LIMA,MDB,1989-01-01T00:00:00,
FELIPE BECARI,PSD,2020-03-12T00:00:00,2022-03-31T00:00:00
FELIPE BECARI,UNIÃO,2022-04-01T00:00:00,
FELIPE FRANCO,PODE,2020-03-28T00:00:00,
FERMINO FECHIO FILHO,PT,1989-01-01T00:00:00,
FERNANDO ESTIMA,PSD,2012-01-01T00:00:00,
FERNANDO HOLIDAY,DEM,2016-03-29T00:00:00,2020-03-11T00:00:00
FERNANDO HOLIDAY,PATRIOTA,2020-03-11T00:00:00,2021-04-06T00:00:00
FERNANDO HOLIDAY,S/PARTIDO,2021-04-06T00:00:00,2021-06-01T00:00:00
FERNANDO HOLIDAY,NOVO,2021-06-01T00:00:00,2022-10-11T00:00:00
FERNANDO HOLIDAY,REPUBLICANOS,2022-10-11T00:00:00,2023-07-24T00:00:00
FERNANDO HOLIDAY,PL,2023-07-25T00:00:00,
FLAVIA PEREIRA,PT,2001-01-01T00:00:00,
FLORIANO PESARO,PSDB,2009-01-01T00:00:00,
FRANCISCO BATISTA,PTB,1983-02-01T00:00:00,
FRANCISCO BENEDITO FAZAN,PTB,1983-02-01T00:00:00,
FRANCISCO CHAGAS,PT,2001-01-01T00:00:00,
FRANCISCO GIMENEZ,MDB,1983-02-01T00:00:00,
GABRIEL ABREU,PODE,2007-07-05T00:00:00,
GABRIEL CHALITA,PSDB,2009-01-01T00:00:00,2009-09-28T00:00:00
GABRIEL CHALITA,PDT,2016-03-30T00:00:00,2019-08-21T00:00:00
GABRIEL ORTEGA,PTB,1983-02-01T00:00:00,1988-12-31T00:00:00
GABRIEL ORTEGA,PSDB,1989-01-01T00:00:00,
GEORGE HATO,MDB,2013-01-01T00:00:00,
GERALDO BLOTA,PDS,1983-02-01T00:00:00,1992-04-01T00:00:00
GERALDO BLOTA,PPR,1992-04-01T00:00:00,
GETULIO HANASHIRO,MDB,1983-02-01T00:00:00,
GILBERTO KASSAB,PL*,1993-01-01T00:00:00,
GILBERTO NASCIMENTO,MDB,1983-02-01T00:00:00,
GILBERTO NASCIMENTO,PSC,2007-09-28T00:00:00,2023-09-21T00:00:00
GILBERTO NASCIMENTO,S/PARTIDO,2023-09-21T00:00:00,2023-12-21T00:00:00
GILBERTO NASCIMENTO,PL,2024-04-05T00:00:00,
GILBERTO NATALINI,PSDB,2001-01-01T00:00:00,2011-04-18T00:00:00
GILBERTO NATALINI,PV,2011-08-19T00:00:00,2020-09-09T00:00:00
GILBERTO NATALINI,S/PARTIDO,2020-09-10T00:00:00,
GILSON BARRETO,PSDB,1989-01-01T00:00:00,2024-04-03T00:00:00
GILSON BARRETO,MDB,2024-04-03T00:00:00,
GOULART,MDB,1996-04-01T00:00:00,2011-10-06T00:00:00
GOULART,PSD,2011-10-06T00:00:00,
GUILHERME CORRÊA,UNIÃO,2023-01-05T00:00:00,
GUILHERME GIANETTI,MDB,1989-01-01T00:00:00,
HANNA GHARIB,PPR,1993-01-01T00:00:00,1995-09-14T00:00:00
HANNA GHARIB,PPB,1995-09-14T00:00:00,
HAVANIR NIMTZ,PRONA,2001-01-01T00:00:00,
HEIDA LI,CIDADANIA,2009-01-01T00:00:00,
HENRIQUE PACHECO,PT,1989-01-01T00:00:00,
HUMBERTO MARTINS,PDT,2001-01-01T00:00:00,
HÉLIO RODRIGUES,PT,1997-04-29T00:00:00,
IDA MARIA,MDB,1983-02-01T00:00:00,
IREDE CARDOSO,PT,1983-02-01T00:00:00,1990-05-21T00:00:00
IREDE CARDOSO,PV,1990-05-22T00:00:00,1992-01-22T00:00:00
IREDE CARDOSO,MDB,1992-01-23T00:00:00,
ISA PENNA,PSOL,2011-03-31T00:00:00,
ISAC FÉLIX,PL,2003-08-28T00:00:00,
ITALO CARDOSO,PT,1989-01-01T00:00:00,
IVO MORGANTI,PFL,1996-04-01T00:00:00,1999-08-28T00:00:00
IVO MORGANTI,MDB,1999-08-29T00:00:00,
JAIR TATTO,PT,2013-01-01T00:00:00,
JAMIL ACHOA,MDB,1983-02-01T00:00:00,
JAMIL MURAD,PC DO B,2009-01-01T00:00:00,
JANAINA PASCHOAL,PP,2024-03-22T00:00:00,
JANAÍNA LIMA,NOVO,2016-01-04T00:00:00,2022-03-16T00:00:00
JANAÍNA LIMA,MDB,2022-03-17T00:00:00,2024-04-01T00:00:00
JANAÍNA LIMA,PP,2024-04-02T00:00:00,
JEAN MADEIRA,REPUBLICANOS,2013-01-01T00:00:00,
JOAO APARECIDO DE PAULA,PDS,1983-02-01T00:00:00,1988-12-31T00:00:00
JOAO APARECIDO DE PAULA,PFL,1989-01-01T00:00:00,
JOAO CARLOS ALVES,PT,1983-02-01T00:00:00,
JONAS CAMISA NOVA,UNIÃO,2012-01-01T00:00:00,
JOOJI HATO,MDB,1983-02-01T00:00:00,
JORGE BORGES,PP,2005-01-01T00:00:00,
JORGE PEREZ,PV,2005-01-01T00:00:00,
JORGE TABA,PDT,1996-04-01T00:00:00,1999-08-13T00:00:00
JORGE TABA,PSB,1999-08-14T00:00:00,
JORGE TADEU,MDB,2005-01-01T00:00:00,2005-09-27T00:00:00
JORGE TADEU,PFL,2005-09-28T00:00:00,
JORGE WILSON FILHO,REPUBLICANOS,2016-04-13T00:00:00,
JOSE AMERICO,PT,1993-01-01T00:00:00,
JOSE CACCIA,MDB,1983-02-01T00:00:00,
JOSE DENYCIO PONTES AGOSTINHO,PSDB,1989-01-01T00:00:00,
JOSE EDUARDO CARDOZO,PT,1993-01-01T00:00:00,
JOSE INDIO FERREIRA DO NASCIMENTO,PDS,1989-01-01T00:00:00,1990-04-05T00:00:00
JOSE INDIO FERREIRA DO NASCIMENTO,PST,1990-04-06T00:00:00,1991-12-31T00:00:00
JOSE INDIO FERREIRA DO NASCIMENTO,MDB,1992-01-01T00:00:00,1995-09-14T00:00:00
JOSE INDIO FERREIRA DO NASCIMENTO,PPB,1995-09-14T00:00:00,
JOSE IZAR,PFL,1996-04-01T00:00:00,
JOSE LAURINDO,PT,2001-01-01T00:00:00,
JOSE MARIA RODRIGUES ALVES,MDB,1983-02-01T00:00:00,
JOSE MENTOR,PT,1993-01-01T00:00:00,
JOSE NOGUEIRA,PT,2003-03-18T00:00:00,
JOSE ROBERTO MONACO,PTB,1983-02-01T00:00:00,
JOSE SILVA AMORIM,PTB,1996-04-01T00:00:00,
JOSE VIVIANI FERRAZ,MDB,1983-02-01T00:00:00,1988-12-31T00:00:00
JOSE VIVIANI FERRAZ,PL*,1989-01-01T00:00:00,
JOSELITO,PC DO B,1988-02-02T00:00:00,
JOSÉ ANÍBAL,PSDB,2005-01-01T00:00:00,
JOSÉ FERREIRA (ZELÃO),PT,2003-03-17T00:00:00,
JOSÉ ROLIM,PSDB,2005-01-01T00:00:00,
JOÃO ANANIAS,PT,2018-02-22T00:00:00,
JOÃO ANTONIO,PT,1997-01-01T00:00:00,
JOÃO JORGE,PSDB,1992-03-26T00:00:00,2024-04-01T00:00:00
JOÃO JORGE,MDB,2024-04-02T00:00:00,
JUAREZ SOARES,PT,1989-01-01T00:00:00,
JUCELINO SILVA NETO,PT,1983-02-01T00:00:00,
JULIANA CARDOSO,PT,2009-01-01T00:00:00,
JULIO CESAR CALIGIURI,PDT,1989-01-01T00:00:00,1991-03-20T00:00:00
JULIO CESAR CALIGIURI,PSB,1992-02-13T00:00:00,
JUSCELINO GADELHA,PSDB,2005-01-01T00:00:00,2011-04-18T00:00:00
JUSCELINO GADELHA,PSB,2011-09-01T00:00:00,
JUSSARA BASSO,PSOL,2020-03-05T00:00:00,2024-03-08T00:00:00
JUSSARA BASSO,PSB,2024-03-08T00:00:00,
KEIT LIMA,PSOL,2019-10-06T00:00:00,
KENJI ITO,PODE,2024-02-28T00:00:00,
LAURO FERRAZ,MDB,1983-02-01T00:00:00,
LAÉRCIO BENKO,PHS,2013-01-01T00:00:00,
LENICE LEMOS,PV,2005-01-01T00:00:00,2005-01-26T00:00:00
LENICE LEMOS,PFL,2005-01-27T00:00:00,
LEVY RUFINO DA SILVA,MDB,1993-01-01T00:00:00,
LIDIA CORREA,MDB,1989-01-01T00:00:00,
LIGIERI,PATRIOTA,2020-03-25T00:00:00,
LUANA ALVES,PSOL,2020-01-01T00:00:00,
LUCAS PAVANATO,PL,2023-07-25T00:00:00,
LUCILA PIZANI GONÇALVES,PT,2001-01-01T00:00:00,
LUIZ CARLOS MOURA,PCB,1989-01-01T00:00:00,
LUIZ PASCHOAL,PTB,1996-04-01T00:00:00,1999-09-13T00:00:00
LUIZ PASCHOAL,PL*,1999-09-14T00:00:00,2015-09-29T00:00:00
LUIZ PASCHOAL,PODE,2015-09-30T00:00:00,
LUIZ PAULO GNECCO,PCB,1989-01-01T00:00:00,
LUIZ PROTEÇÃO ANIMAL,PODE,2020-04-03T00:00:00,
LUIZ TENORIO DE LIMA,MDB,1983-02-01T00:00:00,1985-06-03T00:00:00
LUIZ TENORIO DE LIMA,PCB,1985-06-04T00:00:00,
LUIZA ERUNDINA,PT,1983-02-01T00:00:00,
LUNA ZARATTINI,PT,2011-05-13T00:00:00,
MAELI VERGNIANO,PDT,1996-04-01T00:00:00,1997-12-31T00:00:00
MAELI VERGNIANO,PPB,1998-01-01T00:00:00,
MAJOR PALUMBO,PP,2022-06-22T00:00:00,
MANOEL CRUZ,PRONA,2003-03-17T00:00:00,
MANOEL DEL RIO,PT,1982-01-01T00:00:00,
MANOEL SALA,PPR,1993-01-01T00:00:00,1995-09-14T00:00:00
MANOEL SALA,PPB,1995-09-14T00:00:00,
MARA GABRILLI,PSDB,2005-01-01T00:00:00,
MARCELO AGUIAR,PSC,2009-01-01T00:00:00,
MARCELO MESSIAS,MDB,2015-05-05T00:00:00,
MARCO AURELIO CUNHA,DEM,2009-01-01T00:00:00,2011-10-11T00:00:00
MARCO AURELIO CUNHA,PSD,2011-10-11T00:00:00,
MARCOS BELIZÁRIO,PV,2010-01-01T00:00:00,
MARCOS CINTRA,PL*,1993-01-01T00:00:00,2011-10-10T00:00:00
MARCOS CINTRA,PSD,2011-11-11T00:00:00,
MARCOS KERTZMANN,PSDB,1989-01-01T00:00:00,
MARCOS MENDONCA,MDB,1983-02-01T00:00:00,1988-12-31T00:00:00
MARCOS MENDONCA,PSDB,1989-01-01T00:00:00,
MARCOS ZERBINI,PSDB,2001-01-01T00:00:00,
MARIA HELENA PEREIRA FONTES,PL*,1996-04-01T00:00:00,
MARINA BRAGANTE,REDE,2019-05-08T00:00:00,2026-05-13T00:00:00
MARINA BRAGANTE,PSB,2026-05-13T00:00:00,
MARIO COVAS NETO,PSDB,1989-03-16T00:00:00,2018-03-07T00:00:00
MARIO COVAS NETO,S/PARTIDO,2018-03-07T00:00:00,2018-04-02T00:00:00
MARIO COVAS NETO,PODE,2018-04-03T00:00:00,
MARIO DIAS,PPR,1993-01-01T00:00:00,1995-09-14T00:00:00
MARIO DIAS,PPB,1995-09-14T00:00:00,1999-12-31T00:00:00
MARIO DIAS,PTB,2005-01-01T00:00:00,2007-03-27T00:00:00
MARIO DIAS,DEM,2007-03-28T00:00:00,
MARIO NODA,PTB,1983-02-01T00:00:00,
MARLON LUZ,PATRIOTA,2020-02-06T00:00:00,2022-01-28T00:00:00
MARLON LUZ,MDB,2022-01-28T00:00:00,
MARQUITO,PTB,2011-10-05T00:00:00,
MARTA COSTA,PTB,2005-01-01T00:00:00,2005-01-26T00:00:00
MARTA COSTA,PFL,2005-01-27T00:00:00,2007-03-27T00:00:00
MARTA COSTA,DEM,2007-03-28T00:00:00,2011-10-18T00:00:00
MARTA COSTA,PSD,2011-10-18T00:00:00,
MAURICIO FARIA,PT,1989-01-01T00:00:00,
MAURO AILTON PUERRO,PT,1989-01-01T00:00:00,
MIGUEL COLASUONNO,PPR,1993-01-01T00:00:00,1995-09-14T00:00:00
MIGUEL COLASUONNO,PPB,1995-09-14T00:00:00,
MILTON LEITE,MDB,1996-04-01T00:00:00,2007-09-11T00:00:00
MILTON LEITE,DEM,2007-09-11T00:00:00,2022-02-07T00:00:00
MILTON LEITE,UNIÃO,2022-02-08T00:00:00,
MISSIONÁRIO JOSÉ OLÍMPIO,PPB,1997-01-01T00:00:00,1999-08-28T00:00:00
MISSIONÁRIO JOSÉ OLÍMPIO,MDB,1999-08-29T00:00:00,2005-01-01T00:00:00
MISSIONÁRIO JOSÉ OLÍMPIO,PP,2009-01-01T00:00:00,2014-01-31T00:00:00
MISSIONÁRIO JOSÉ OLÍMPIO,DEM,2016-03-29T00:00:00,2022-02-07T00:00:00
MISSIONÁRIO JOSÉ OLÍMPIO,UNIÃO,2022-02-08T00:00:00,2022-04-18T00:00:00
MISSIONÁRIO JOSÉ OLÍMPIO,PL,2022-04-19T00:00:00,
MOHAMAD SAID MOURAD,PL*,1993-01-01T00:00:00,
MURILLO ANTUNES ALVES,MDB,1993-01-01T00:00:00,
MYRYAM ATHIE,PPB,1997-01-01T00:00:00,1999-08-28T00:00:00
MYRYAM ATHIE,MDB,1999-08-29T00:00:00,2003-01-30T00:00:00
MYRYAM ATHIE,CIDADANIA,2003-01-30T00:00:00,
MÁRCIO YOUSSEF,MDB,2004-01-01T00:00:00,
NABIL BONDUKI,PT,2001-01-01T00:00:00,
NATALICIO BEZERRA SILVA,PTB,1996-04-01T00:00:00,
NAYLOR DE OLIVEIRA,PDS,1983-02-01T00:00:00,1992-04-01T00:00:00
NAYLOR DE OLIVEIRA,PPR,1992-04-01T00:00:00,
NELO RODOLFO,MDB,1993-01-01T00:00:00,1995-09-14T00:00:00
NELO RODOLFO,PPB,1995-09-14T00:00:00,2004-12-31T00:00:00
NELO RODOLFO,MDB,2013-01-01T00:00:00,
NELSON GUERRA,PDS,1983-02-01T00:00:00,1985-02-28T00:00:00
NELSON GUERRA,PFL,1985-03-01T00:00:00,1992-03-31T00:00:00
NELSON GUERRA,PSDB,1992-04-01T00:00:00,
NELSON GUIMARAES PROENCA,PSDB,1993-01-01T00:00:00,
NETINHO DE PAULA,PC DO B,2009-01-01T00:00:00,2015-04-09T00:00:00
NETINHO DE PAULA,PDT,2015-04-10T00:00:00,2018-03-27T00:00:00
NETINHO DE PAULA,PODE,2018-03-28T00:00:00,
NOEMI NONATO,PSB,2005-01-01T00:00:00,2013-10-22T00:00:00
NOEMI NONATO,PROS,2013-10-23T00:00:00,2016-03-17T00:00:00
NOEMI NONATO,PL,2016-03-18T00:00:00,
NUNES PEIXEIRO,MDB,2020-03-01T00:00:00,
ODILON GUEDES,PT,1989-01-01T00:00:00,
OLIVEIRA,PSD,2011-10-06T00:00:00,
ORLANDO SILVA,PC DO B,2013-01-01T00:00:00,
OSVALDO ENEAS,PRONA,1996-04-01T00:00:00,
OSVALDO FRISSELLI JUNIOR,MDB,1983-02-01T00:00:00,
OSVALDO GIANNOTTI,PDS,1983-02-01T00:00:00,1992-04-01T00:00:00
OSVALDO GIANNOTTI,PPR,1992-04-01T00:00:00,1995-09-14T00:00:00
OSVALDO GIANNOTTI,PPB,1995-09-14T00:00:00,
OSVALDO SANCHES,PDS,1989-01-01T00:00:00,1989-03-28T00:00:00
OSVALDO SANCHES,PSC,1989-03-29T00:00:00,1990-03-27T00:00:00
OSVALDO SANCHES,PDT,1990-03-28T00:00:00,1992-03-31T00:00:00
OSVALDO SANCHES,PPR,1992-04-01T00:00:00,1995-09-14T00:00:00
OSVALDO SANCHES,PPB,1995-09-14T00:00:00,
OTA,PSB,2011-09-23T00:00:00,2013-10-22T00:00:00
OTA,PROS,2013-10-23T00:00:00,2016-03-11T00:00:00
OTA,PSB,2016-03-11T00:00:00,
PASTORA SANDRA ALVES,UNIÃO,2024-03-21T00:00:00,
PATRÍCIA BEZERRA,PSDB,2001-01-01T00:00:00,
PAULO FIORILO,PT,2005-01-01T00:00:00,
PAULO FRANGE,PDT,1996-04-01T00:00:00,1997-12-31T00:00:00
PAULO FRANGE,PPB,1998-01-01T00:00:00,1999-03-01T00:00:00
PAULO FRANGE,PTB,1999-03-02T00:00:00,2023-12-06T00:00:00
PAULO FRANGE,MDB,2023-12-06T00:00:00,
PAULO FRATESCHI,PT,1989-01-01T00:00:00,
PAULO KOBAYASHI,PSDB,1989-01-01T00:00:00,
PAULO ROBERTO FARIA LIMA,PFL,1989-01-01T00:00:00,1992-03-31T00:00:00
PAULO ROBERTO FARIA LIMA,MDB,1992-04-01T00:00:00,1995-09-14T00:00:00
PAULO ROBERTO FARIA LIMA,PPB,1995-09-14T00:00:00,1999-08-28T00:00:00
PAULO ROBERTO FARIA LIMA,MDB,1999-08-29T00:00:00,
PAULO TEIXEIRA,PT,2005-01-01T00:00:00,
PEDRO DALLARI,PT,1989-01-01T00:00:00,
PEDRO FERNANDES,PTB,1983-02-01T00:00:00,
PENNA,PV,2009-01-01T00:00:00,
PIERRE ALEXANDRE DE FREITAS,PSDB,1996-04-01T00:00:00,
POLICE,PSDB,2005-01-01T00:00:00,2011-04-18T00:00:00
POLICE,PSD,2011-10-11T00:00:00,
PR. EDEMILSON CHAVES,PP,2013-01-01T00:00:00,2016-03-22T00:00:00
PR. EDEMILSON CHAVES,PTB,2016-03-22T00:00:00,
PROFESSOR TONINHO VESPOLI,PSOL,2013-01-01T00:00:00,
QUITO FORMIGA,CIDADANIA,2005-08-31T00:00:00,2008-01-01T00:00:00
QUITO FORMIGA,PL,2008-01-02T00:00:00,2015-10-08T00:00:00
QUITO FORMIGA,PSDB,2015-11-04T00:00:00,
RAUL CORTEZ,CIDADANIA,2001-01-01T00:00:00,
REIS,PT,1992-03-03T00:00:00,
RENATA FALZONI,PV,2020-03-19T00:00:00,2022-03-30T00:00:00
RENATA FALZONI,PSB,2022-03-31T00:00:00,
RICARDO MONTORO,PSDB,2001-01-01T00:00:00,
RICARDO NUNES,MDB,2013-01-01T00:00:00,
RICARDO TEIXEIRA,PSDB,2005-01-01T00:00:00,2011-04-18T00:00:00
RICARDO TEIXEIRA,PV,2011-08-19T00:00:00,2016-04-01T00:00:00
RICARDO TEIXEIRA,PROS,2016-04-01T00:00:00,2019-05-13T00:00:00
RICARDO TEIXEIRA,UNIÃO,2019-05-14T00:00:00,
RICARDO TRIPOLI,MDB,1983-02-01T00:00:00,
RICARDO YOUNG,CIDADANIA,2011-10-06T00:00:00,2016-02-23T00:00:00
RICARDO YOUNG,REDE,2016-02-23T00:00:00,
RINALDI DIGILIO,REPUBLICANOS,2016-04-01T00:00:00,2020-04-05T00:00:00
RINALDI DIGILIO,PSL,2020-04-06T00:00:00,2022-02-07T00:00:00
RINALDI DIGILIO,UNIÃO,2022-02-08T00:00:00,
ROBERTO ROJAO,PSDB,1997-01-01T00:00:00,
ROBERTO TRÍPOLI,MDB,1989-01-01T00:00:00,1989-06-20T00:00:00
ROBERTO TRÍPOLI,PV,1989-06-21T00:00:00,1995-12-15T00:00:00
ROBERTO TRÍPOLI,PSDB,1995-12-15T00:00:00,2005-01-28T00:00:00
ROBERTO TRÍPOLI,PV,2007-02-13T00:00:00,
ROBERTO TURQUETTI,PTB,1983-02-01T00:00:00,
ROBSON TUMA,PL*,1989-01-01T00:00:00,
RODOLFO DESPACHANTE,PHS,2010-01-01T00:00:00,2020-03-23T00:00:00
RODOLFO DESPACHANTE,PSC,2020-03-23T00:00:00,2023-09-21T00:00:00
RODOLFO DESPACHANTE,PODE,2023-09-21T00:00:00,2023-09-25T00:00:00
RODOLFO DESPACHANTE,PP,2023-09-26T00:00:00,2024-04-02T00:00:00
RODOLFO DESPACHANTE,UNIÃO,2024-04-03T00:00:00,
RODRIGO FONSECA,NOVO,2015-10-20T00:00:00,
RODRIGO GOMES,PHS,2013-03-19T00:00:00,
RODRIGO GOULART,PSD,2016-03-22T00:00:00,
ROGER LIN,CIDADANIA,2001-01-01T00:00:00,2003-11-12T00:00:00
ROGER LIN,PSB,2003-11-13T00:00:00,
RUBENS ROMANO,PSDB,1993-01-01T00:00:00,
RUBINHO NUNES,PATRIOTA,2020-01-22T00:00:00,2021-06-14T00:00:00
RUBINHO NUNES,S/PARTIDO,2021-06-15T00:00:00,2021-06-23T00:00:00
RUBINHO NUNES,PSL,2021-06-23T00:00:00,2022-01-27T00:00:00
RUBINHO NUNES,PODE,2022-01-28T00:00:00,2022-04-01T00:00:00
RUBINHO NUNES,UNIÃO,2022-04-01T00:00:00,
RUTE COSTA,PSD,2016-03-14T00:00:00,2020-04-01T00:00:00
RUTE COSTA,PSDB,2020-04-01T00:00:00,2024-03-25T00:00:00
RUTE COSTA,PL,2024-03-26T00:00:00,
SALIM CURIATI,PPB,1996-04-01T00:00:00,
SALOMÃO PEREIRA,PSDB,2000-01-01T00:00:00,
SANDRA SANTANA,PSDB,1995-09-23T00:00:00,2024-03-26T00:00:00
SANDRA SANTANA,MDB,2024-03-27T00:00:00,
SANSÃO PEREIRA,REPUBLICANOS,2017-08-09T00:00:00,
SARGENTO NANTES,PP,2025-01-01T00:00:00,
SENIVAL MOURA,PT,2005-01-01T00:00:00,
SERGIO RICARDO SILVA ROSA,PT,1993-01-01T00:00:00,
SERGIO TUFIK,PT,1983-02-01T00:00:00,
SIDNEY CRUZ,SOLIDARIEDADE,2017-03-13T00:00:00,2024-03-25T00:00:00
SIDNEY CRUZ,MDB,2024-03-26T00:00:00,
SILVIA DA BANCADA FEMINISTA,PSOL,2017-12-06T00:00:00,
SILVINHO LEITE,UNIÃO,2011-10-06T00:00:00,
SILVÃO LEITE,UNIÃO,2011-10-07T00:00:00,
SIMONE GANEM,PODE,1924-04-04T00:00:00,
SONAIRA FERNANDES,REPUBLICANOS,2020-04-01T00:00:00,2024-03-25T00:00:00
SONAIRA FERNANDES,PL,2024-03-26T00:00:00,
SONINHA FRANCINE,PT,2005-01-01T00:00:00,2007-10-01T00:00:00
SONINHA FRANCINE,CIDADANIA,2007-10-01T00:00:00,
SOUZA SANTOS,PSDB,2009-01-01T00:00:00,2011-04-18T00:00:00
SOUZA SANTOS,PSD,2011-10-11T00:00:00,2016-03-30T00:00:00
SOUZA SANTOS,REPUBLICANOS,2016-03-30T00:00:00,
SÂMIA BOMFIM,PSOL,2011-01-20T00:00:00,
TERCIO CHAGAS TOSTA,PTB,1983-02-01T00:00:00,
TERESINHA MARTINS,PT,1983-02-01T00:00:00,
TEREZA CRISTINA DE SOUZA LAJOLO,PT,1983-02-01T00:00:00,
THAMMY MIRANDA,PL,2020-03-21T00:00:00,2024-03-12T00:00:00
THAMMY MIRANDA,PSD,2024-03-13T00:00:00,
TITA DIAS,PT,1989-01-01T00:00:00,
TIÃO BEZERRA,PT,2003-08-01T00:00:00,
TIÃO FARIAS,PSDB,2005-01-01T00:00:00,
TONINHO CAMPANHA,PSB,2001-01-01T00:00:00,
TONINHO PAIVA,PL*,1993-01-01T00:00:00,1998-05-11T00:00:00
TONINHO PAIVA,PFL,1998-05-11T00:00:00,2002-11-03T00:00:00
TONINHO PAIVA,PL*,2002-11-03T00:00:00,2007-02-28T00:00:00
TONINHO PAIVA,PL,2007-03-01T00:00:00,
TRUJILLO ALVES,PRONA,2000-10-04T00:00:00,
USHITARO KAMIA,PTB,1989-01-01T00:00:00,1989-02-25T00:00:00
USHITARO KAMIA,PSB,1989-02-26T00:00:00,2000-12-31T00:00:00
USHITARO KAMIA,PFL,2001-01-01T00:00:00,2007-03-27T00:00:00
USHITARO KAMIA,DEM,2007-03-28T00:00:00,2011-10-11T00:00:00
USHITARO KAMIA,PSD,2011-10-11T00:00:00,2016-03-18T00:00:00
USHITARO KAMIA,PDT,2016-03-21T00:00:00,2020-04-02T00:00:00
USHITARO KAMIA,PODE,2020-04-03T00:00:00,
VALDECIR CABRABOM,PTB,2013-01-01T00:00:00,
VALFREDO FERREIRA SILVA,PT,1989-01-01T00:00:00,
VANDERLEI JANGROSSI,PL*,2001-01-01T00:00:00,
VAVÁ,PT,2011-10-06T00:00:00,
VICENTE CANDIDO DA SILVA,PT,1996-04-01T00:00:00,
VICENTE VISCOME,PPR,1993-01-01T00:00:00,1995-09-14T00:00:00
VICENTE VISCOME,PPB,1995-09-14T00:00:00,
VICTOR KOBAYASHI,PSDB,2001-01-01T00:00:00,
VITAL NOLASCO,PC DO B,1989-01-01T00:00:00,
VITÓRIA NOGUEIRA,PFL,2003-12-31T00:00:00,
WADIH MUTRAN,MDB,1983-02-01T00:00:00,1988-12-31T00:00:00
WADIH MUTRAN,PFL,1989-01-01T00:00:00,1992-03-31T00:00:00
WADIH MUTRAN,PPR,1992-04-01T00:00:00,1995-09-13T00:00:00
WADIH MUTRAN,PPB,1995-09-14T00:00:00,2003-04-03T00:00:00
WADIH MUTRAN,PP,2003-04-04T00:00:00,2006-02-06T00:00:00
WADIH MUTRAN,PFL,2006-02-07T00:00:00,2007-03-27T00:00:00
WADIH MUTRAN,DEM,2007-03-28T00:00:00,2007-04-29T00:00:00
WADIH MUTRAN,PP,2007-04-29T00:00:00,2015-10-27T00:00:00
WADIH MUTRAN,PDT,2015-10-28T00:00:00,
WALDIR JÚNIOR,PSD,2019-05-06T00:00:00,
WALTER ABRAHAO,PDS,1989-01-01T00:00:00,1992-04-01T00:00:00
WALTER ABRAHAO,PPR,1992-04-01T00:00:00,
WALTER FELDMAN,MDB,1983-02-01T00:00:00,1988-12-31T00:00:00
WALTER FELDMAN,PSDB,1989-01-01T00:00:00,
WILLIAM WOO,PSDB,2001-01-01T00:00:00,
WLADEMIR MARCELLOS,PDS,1983-02-01T00:00:00,1992-04-01T00:00:00
WLADEMIR MARCELLOS,PPR,1992-04-01T00:00:00,
XEXÉU TRIPOLI,PV,2007-02-13T00:00:00,2020-04-01T00:00:00
XEXÉU TRIPOLI,PSDB,2020-04-01T00:00:00,2024-04-02T00:00:00
XEXÉU TRIPOLI,UNIÃO,2024-04-03T00:00:00,
ZELIA LOPES - D ZELIA,PT,2003-03-17T00:00:00,
ZENAS PIRES,MDB,1993-01-01T00:00:00,
ZOE MARTÍNEZ,PL,2023-05-29T00:00:00,
ZULAIE COBRA RIBEIRO,PSDB,1993-01-01T00:00:00,
ZÉ TURIN,PHS,2015-10-01T00:00:00,2019-11-05T00:00:00
ZÉ TURIN,REPUBLICANOS,2019-11-06T00:00:00,
