ano,tipo,projetos
2013,PDL,105
2013,PL,916
2013,PLO,9
2013,PR,41
2014,PDL,87
2014,PL,564
2014,PLO,5
2014,PR,18
2015,PDL,93
2015,PL,726
2015,PLO,6
2015,PR,18
2016,PDL,130
2016,PL,621
2016,PLO,2
2016,PR,12
2017,PDL,105
2017,PL,879
2017,PLO,8
2017,PR,56
2018,PDL,88
2018,PL,678
2018,PLO,11
2018,PR,20
2019,PDL,136
2019,PL,864
2019,PLO,6
2019,PR,34
2020,PDL,82
2020,PL,767
2020,PLO,4
2020,PR,26
2021,PDL,83
2021,PL,877
2021,PLO,11
2021,PR,55
2022,PDL,108
2022,PL,712
2022,PLO,4
2022,PR,24
2023,PDL,108
2023,PL,790
2023,PLO,2
2023,PR,57
2024,PDL,144
2024,PL,906
2024,PLO,2
2024,PR,37
2025,PDL,142
2025,PL,1565
2025,PLO,11
2025,PR,102
2026,PDL,102
2026,PL,753
2026,PLO,5
2026,PR,29
