rotulo,veto
PL 1/2017,Veto Parcial
PL 10/2014,Veto Parcial
PL 10/2017,Veto Total
PL 101/2018,Veto Total
PL 102/2014,Veto Total
PL 102/2020,Veto Total
PL 103/2017,Veto Total
PL 1030/2025,Veto Total
PL 107/2017,Veto Total
PL 109/2016,Veto Total
PL 11/2014,Veto Total
PL 11/2018,Veto Parcial
PL 11/2019,Veto Parcial
PL 110/2017,Veto Parcial
PL 111/2015,Veto Total
PL 112/2013,Veto Total
PL 1130/2025,Veto Parcial
PL 1136/2025,Veto Total
PL 115/2017,Veto Parcial
PL 1168/2025,Veto Parcial
PL 1169/2025,Veto Parcial
PL 117/2013,Veto Total
PL 121/2013,Veto Total
PL 122/2013,Veto Total
PL 122/2020,Veto Parcial
PL 123/2017,Veto Total
PL 124/2014,Veto Total
PL 125/2013,Veto Total
PL 125/2020,Veto Total
PL 126/2016,Veto Parcial
PL 126/2021,Veto Parcial
PL 1264/2025,Veto Total
PL 127/2017,Veto Total
PL 127/2020,Veto Total
PL 127/2023,Veto Parcial
PL 129/2015,Veto Parcial
PL 13/2017,Veto Total
PL 130/2017,Veto Total
PL 132/2017,Veto Total
PL 133/2021,Veto Total
PL 134/2013,Veto Total
PL 134/2015,Veto Parcial
PL 134/2016,Veto Total
PL 134/2020,Veto Total
PL 136/2015,Veto Total
PL 138/2015,Veto Total
PL 1380/2025,Veto Total
PL 14/2013,Veto Total
PL 140/2014,Veto Parcial
PL 140/2015,Veto Total
PL 142/2013,Veto Total
PL 145/2018,Veto Parcial
PL 1461/2025,Veto Parcial
PL 149/2014,Veto Total
PL 149/2015,Veto Total
PL 15/2015,Veto Total
PL 150/2016,Veto Total
PL 150/2018,Veto Total
PL 151/2014,Veto Total
PL 151/2019,Veto Parcial
PL 152/2013,Veto Parcial
PL 152/2018,Veto Total
PL 153/2015,Veto Total
PL 153/2016,Veto Total
PL 155/2015,Veto Total
PL 156/2015,Veto Parcial
PL 158/2013,Veto Total
PL 158/2018,Veto Total
PL 159/2013,Veto Total
PL 159/2019,Veto Total
PL 160/2017,Veto Total
PL 165/2015,Veto Total
PL 165/2016,Veto Total
PL 167/2014,Veto Total
PL 167/2018,Veto Parcial
PL 168/2015,Veto Parcial
PL 171/2019,Veto Parcial
PL 172/2015,Veto Total
PL 172/2016,Veto Total
PL 172/2018,Veto Total
PL 173/2017,Veto Total
PL 174/2014,Veto Total
PL 176/2014,Veto Parcial
PL 176/2017,Veto Total
PL 177/2021,Veto Parcial
PL 178/2014,Veto Parcial
PL 178/2016,Veto Parcial
PL 179/2017,Veto Parcial
PL 18/2013,Veto Total
PL 180/2017,Veto Total
PL 180/2020,Veto Parcial
PL 182/2023,Veto Total
PL 183/2013,Veto Parcial
PL 184/2019,Veto Parcial
PL 185/2015,Veto Total
PL 185/2016,Veto Total
PL 186/2018,Veto Total
PL 187/2016,Veto Total
PL 188/2015,Veto Total
PL 188/2021,Veto Total
PL 189/2018,Veto Total
PL 19/2013,Veto Total
PL 192/2023,Veto Parcial
PL 193/2013,Veto Total
PL 194/2016,Veto Total
PL 197/2013,Veto Total
PL 197/2018,Veto Parcial
PL 198/2023,Veto Parcial
PL 199/2013,Veto Total
PL 199/2014,Veto Parcial
PL 199/2016,Veto Total
PL 2/2013,Veto Total
PL 2/2015,Veto Total
PL 2/2017,Veto Total
PL 2/2020,Veto Total
PL 2/2022,Veto Total
PL 20/2020,Veto Total
PL 200/2014,Veto Total
PL 200/2017,Veto Total
PL 200/2024,Veto Parcial
PL 201/2017,Veto Total
PL 202/2017,Veto Total
PL 202/2018,Veto Parcial
PL 204/2017,Veto Total
PL 204/2019,Veto Total
PL 207/2014,Veto Parcial
PL 208/2013,Veto Total
PL 208/2016,Veto Total
PL 209/2016,Veto Total
PL 209/2017,Veto Total
PL 210/2015,Veto Total
PL 212/2015,Veto Total
PL 213/2015,Veto Total
PL 215/2017,Veto Total
PL 216/2013,Veto Total
PL 217/2017,Veto Total
PL 218/2013,Veto Parcial
PL 218/2014,Veto Parcial
PL 22/2013,Veto Total
PL 220/2014,Veto Total
PL 221/2015,Veto Total
PL 221/2017,Veto Total
PL 223/2013,Veto Parcial
PL 225/2013,Veto Total
PL 227/2013,Veto Total
PL 228/2015,Veto Parcial
PL 231/2013,Veto Parcial
PL 231/2020,Veto Total
PL 233/2018,Veto Total
PL 235/2013,Veto Parcial
PL 235/2017,Veto Total
PL 236/2017,Veto Parcial
PL 236/2021,Veto Parcial
PL 237/2017,Veto Total
PL 239/2017,Veto Parcial
PL 24/2014,Veto Total
PL 24/2020,Veto Total
PL 240/2017,Veto Parcial
PL 241/2016,Veto Total
PL 246/2013,Veto Total
PL 247/2019,Veto Total
PL 247/2024,Veto Parcial
PL 248/2013,Veto Total
PL 248/2016,Veto Total
PL 249/2017,Veto Total
PL 250/2016,Veto Total
PL 252/2013,Veto Parcial
PL 252/2018,Veto Parcial
PL 252/2020,Veto Parcial
PL 253/2013,Veto Total
PL 253/2022,Veto Parcial
PL 257/2013,Veto Total
PL 257/2017,Veto Total
PL 258/2016,Veto Total
PL 258/2017,Veto Total
PL 26/2013,Veto Total
PL 26/2015,Veto Total
PL 260/2015,Veto Parcial
PL 260/2016,Veto Total
PL 260/2020,Veto Parcial
PL 263/2013,Veto Parcial
PL 264/2019,Veto Total
PL 265/2015,Veto Parcial
PL 266/2015,Veto Total
PL 266/2018,Veto Total
PL 267/2013,Veto Total
PL 268/2013,Veto Parcial
PL 27/2013,Veto Parcial
PL 272/2015,Veto Parcial
PL 273/2015,Veto Total
PL 274/2019,Veto Parcial
PL 275/2017,Veto Total
PL 277/2017,Veto Parcial
PL 277/2022,Veto Parcial
PL 279/2019,Veto Total
PL 28/2013,Veto Total
PL 28/2020,Veto Total
PL 28/2022,Veto Parcial
PL 281/2019,Veto Parcial
PL 282/2015,Veto Total
PL 282/2024,Veto Total
PL 283/2013,Veto Total
PL 283/2016,Veto Parcial
PL 283/2017,Veto Total
PL 286/2016,Veto Total
PL 286/2017,Veto Total
PL 286/2021,Veto Total
PL 288/2021,Veto Parcial
PL 289/2013,Veto Parcial
PL 289/2015,Veto Total
PL 29/2013,Veto Parcial
PL 290/2016,Veto Parcial
PL 292/2015,Veto Total
PL 294/2023,Veto Parcial
PL 295/2018,Veto Total
PL 295/2019,Veto Parcial
PL 298/2015,Veto Total
PL 299/2017,Veto Parcial
PL 299/2026,Veto Parcial
PL 30/2019,Veto Parcial
PL 300/2014,Veto Total
PL 300/2017,Veto Parcial
PL 301/2018,Veto Total
PL 303/2013,Veto Total
PL 303/2015,Veto Total
PL 304/2016,Veto Total
PL 305/2013,Veto Total
PL 305/2020,Veto Total
PL 306/2015,Veto Total
PL 307/2014,Veto Total
PL 307/2017,Veto Total
PL 308/2017,Veto Total
PL 31/2019,Veto Parcial
PL 310/2017,Veto Total
PL 311/2013,Veto Parcial
PL 311/2014,Veto Parcial
PL 311/2016,Veto Parcial
PL 311/2021,Veto Total
PL 312/2014,Veto Parcial
PL 312/2019,Veto Parcial
PL 312/2021,Veto Total
PL 315/2017,Veto Total
PL 318/2017,Veto Parcial
PL 319/2015,Veto Total
PL 32/2015,Veto Parcial
PL 320/2013,Veto Total
PL 320/2017,Veto Parcial
PL 321/2017,Veto Total
PL 323/2013,Veto Total
PL 323/2019,Veto Total
PL 324/2019,Veto Parcial
PL 325/2020,Veto Total
PL 325/2021,Veto Total
PL 327/2013,Veto Total
PL 327/2014,Veto Total
PL 329/2021,Veto Total
PL 330/2020,Veto Total
PL 332/2014,Veto Total
PL 332/2023,Veto Parcial
PL 333/2013,Veto Parcial
PL 334/2013,Veto Total
PL 335/2017,Veto Total
PL 336/2018,Veto Parcial
PL 337/2014,Veto Parcial
PL 337/2018,Veto Parcial
PL 338/2013,Veto Parcial
PL 338/2019,Veto Total
PL 338/2020,Veto Total
PL 339/2013,Veto Total
PL 340/2021,Veto Total
PL 342/2013,Veto Total
PL 342/2015,Veto Total
PL 343/2014,Veto Total
PL 343/2015,Veto Total
PL 343/2017,Veto Total
PL 343/2021,Veto Total
PL 345/2015,Veto Total
PL 345/2018,Veto Total
PL 346/2017,Veto Total
PL 348/2015,Veto Total
PL 348/2021,Veto Total
PL 349/2015,Veto Total
PL 35/2016,Veto Total
PL 35/2018,Veto Total
PL 35/2022,Veto Parcial
PL 352/2013,Veto Total
PL 352/2014,Veto Parcial
PL 353/2018,Veto Total
PL 354/2014,Veto Parcial
PL 354/2015,Veto Total
PL 354/2016,Veto Total
PL 354/2018,Veto Total
PL 357/2017,Veto Total
PL 361/2014,Veto Total
PL 362/2013,Veto Total
PL 364/2016,Veto Total
PL 365/2020,Veto Total
PL 367/2014,Veto Total
PL 367/2017,Veto Parcial
PL 368/2019,Veto Parcial
PL 369/2024,Veto Parcial
PL 37/2013,Veto Parcial
PL 370/2014,Veto Total
PL 370/2015,Veto Total
PL 371/2016,Veto Total
PL 372/2020,Veto Total
PL 374/2017,Veto Total
PL 375/2014,Veto Total
PL 375/2017,Veto Total
PL 376/2013,Veto Total
PL 377/2014,Veto Parcial
PL 378/2025,Veto Parcial
PL 379/2013,Veto Total
PL 379/2020,Veto Parcial
PL 38/2015,Veto Total
PL 380/2018,Veto Total
PL 382/2013,Veto Parcial
PL 386/2013,Veto Total
PL 387/2018,Veto Parcial
PL 389/2013,Veto Total
PL 389/2019,Veto Total
PL 390/2021,Veto Parcial
PL 391/2021,Veto Parcial
PL 395/2013,Veto Total
PL 396/2015,Veto Total
PL 396/2019,Veto Parcial
PL 397/2013,Veto Total
PL 397/2018,Veto Parcial
PL 398/2019,Veto Total
PL 399/2015,Veto Total
PL 399/2024,Veto Parcial
PL 4/2021,Veto Parcial
PL 400/2021,Veto Total
PL 400/2024,Veto Parcial
PL 402/2014,Veto Parcial
PL 403/2017,Veto Total
PL 404/2016,Veto Parcial
PL 405/2017,Veto Parcial
PL 407/2013,Veto Total
PL 412/2019,Veto Parcial
PL 413/2021,Veto Total
PL 413/2023,Veto Parcial
PL 414/2014,Veto Parcial
PL 415/2015,Veto Total
PL 415/2017,Veto Parcial
PL 418/2014,Veto Parcial
PL 42/2021,Veto Total
PL 420/2013,Veto Total
PL 422/2020,Veto Total
PL 423/2017,Veto Total
PL 424/2016,Veto Total
PL 427/2017,Veto Total
PL 427/2019,Veto Parcial
PL 429/2021,Veto Total
PL 43/2013,Veto Parcial
PL 43/2015,Veto Total
PL 43/2017,Veto Total
PL 430/2014,Veto Total
PL 430/2016,Veto Total
PL 431/2015,Veto Parcial
PL 432/2014,Veto Parcial
PL 434/2021,Veto Parcial
PL 434/2022,Veto Total
PL 435/2013,Veto Total
PL 437/2014,Veto Total
PL 437/2024,Veto Total
PL 439/2014,Veto Total
PL 439/2021,Veto Total
PL 440/2013,Veto Total
PL 440/2015,Veto Total
PL 440/2021,Veto Total
PL 441/2025,Veto Parcial
PL 444/2020,Veto Total
PL 445/2013,Veto Total
PL 445/2017,Veto Parcial
PL 448/2013,Veto Total
PL 45/2015,Veto Total
PL 450/2015,Veto Parcial
PL 451/2019,Veto Total
PL 453/2013,Veto Total
PL 453/2015,Veto Parcial
PL 454/2025,Veto Parcial
PL 455/2015,Veto Parcial
PL 456/2021,Veto Parcial
PL 457/2020,Veto Total
PL 458/2013,Veto Parcial
PL 458/2015,Veto Total
PL 459/2013,Veto Parcial
PL 46/2013,Veto Parcial
PL 46/2015,Veto Total
PL 460/2013,Veto Total
PL 460/2015,Veto Total
PL 461/2019,Veto Total
PL 463/2015,Veto Total
PL 463/2024,Veto Total
PL 466/2015,Veto Parcial
PL 467/2014,Veto Parcial
PL 467/2015,Veto Parcial
PL 468/2013,Veto Total
PL 469/2014,Veto Total
PL 47/2013,Veto Total
PL 47/2015,Veto Total
PL 472/2020,Veto Total
PL 473/2018,Veto Total
PL 473/2024,Veto Total
PL 474/2013,Veto Parcial
PL 474/2016,Veto Total
PL 476/2015,Veto Total
PL 477/2013,Veto Total
PL 478/2019,Veto Parcial
PL 480/2014,Veto Total
PL 484/2017,Veto Total
PL 485/2014,Veto Total
PL 485/2016,Veto Total
PL 487/2015,Veto Total
PL 487/2018,Veto Total
PL 487/2020,Veto Total
PL 49/2013,Veto Total
PL 491/2015,Veto Total
PL 491/2022,Veto Total
PL 492/2017,Veto Total
PL 496/2017,Veto Total
PL 496/2021,Veto Parcial
PL 498/2017,Veto Total
PL 498/2020,Veto Total
PL 499/2017,Veto Total
PL 5/2017,Veto Parcial
PL 50/2016,Veto Total
PL 500/2013,Veto Total
PL 500/2015,Veto Total
PL 501/2013,Veto Total
PL 501/2015,Veto Total
PL 502/2015,Veto Parcial
PL 502/2019,Veto Parcial
PL 505/2021,Veto Total
PL 506/2013,Veto Total
PL 506/2022,Veto Parcial
PL 507/2014,Veto Parcial
PL 508/2013,Veto Total
PL 508/2016,Veto Total
PL 508/2019,Veto Total
PL 509/2014,Veto Total
PL 509/2015,Veto Total
PL 509/2016,Veto Parcial
PL 51/2014,Veto Total
PL 51/2015,Veto Parcial
PL 51/2020,Veto Total
PL 510/2015,Veto Total
PL 511/2015,Veto Total
PL 513/2016,Veto Total
PL 514/2019,Veto Total
PL 516/2016,Veto Total
PL 516/2021,Veto Total
PL 517/2013,Veto Total
PL 518/2020,Veto Total
PL 520/2017,Veto Total
PL 521/2018,Veto Total
PL 521/2025,Veto Total
PL 522/2019,Veto Parcial
PL 522/2020,Veto Parcial
PL 523/2019,Veto Total
PL 524/2017,Veto Total
PL 525/2013,Veto Total
PL 526/2017,Veto Total
PL 528/2016,Veto Total
PL 529/2015,Veto Total
PL 529/2020,Veto Total
PL 53/2013,Veto Parcial
PL 53/2017,Veto Total
PL 530/2013,Veto Total
PL 533/2020,Veto Total
PL 533/2022,Veto Total
PL 535/2013,Veto Total
PL 535/2017,Veto Parcial
PL 536/2013,Veto Total
PL 536/2015,Veto Parcial
PL 536/2018,Veto Parcial
PL 537/2013,Veto Parcial
PL 537/2017,Veto Parcial
PL 537/2020,Veto Total
PL 538/2013,Veto Total
PL 538/2015,Veto Parcial
PL 539/2015,Veto Total
PL 539/2019,Veto Parcial
PL 540/2016,Veto Total
PL 541/2021,Veto Total
PL 543/2013,Veto Total
PL 544/2014,Veto Parcial
PL 544/2015,Veto Total
PL 546/2014,Veto Total
PL 546/2016,Veto Total
PL 547/2013,Veto Total
PL 547/2014,Veto Total
PL 547/2015,Veto Total
PL 549/2017,Veto Total
PL 55/2013,Veto Total
PL 55/2014,Veto Total
PL 55/2015,Veto Total
PL 55/2016,Veto Total
PL 550/2014,Veto Total
PL 550/2016,Veto Parcial
PL 550/2018,Veto Total
PL 550/2019,Veto Total
PL 551/2021,Veto Total
PL 555/2015,Veto Parcial
PL 555/2021,Veto Total
PL 556/2013,Veto Total
PL 557/2015,Veto Total
PL 558/2018,Veto Total
PL 559/2015,Veto Total
PL 559/2019,Veto Total
PL 56/2017,Veto Total
PL 561/2013,Veto Total
PL 561/2020,Veto Total
PL 562/2014,Veto Total
PL 562/2016,Veto Parcial
PL 563/2014,Veto Parcial
PL 563/2017,Veto Parcial
PL 564/2013,Veto Parcial
PL 564/2017,Veto Total
PL 566/2021,Veto Total
PL 569/2015,Veto Parcial
PL 569/2017,Veto Parcial
PL 571/2020,Veto Total
PL 572/2015,Veto Total
PL 574/2016,Veto Parcial
PL 577/2021,Veto Total
PL 577/2024,Veto Parcial
PL 578/2013,Veto Total
PL 578/2023,Veto Parcial
PL 579/2015,Veto Total
PL 579/2022,Veto Parcial
PL 58/2019,Veto Total
PL 580/2021,Veto Total
PL 581/2015,Veto Total
PL 582/2017,Veto Parcial
PL 583/2013,Veto Total
PL 584/2016,Veto Parcial
PL 586/2018,Veto Parcial
PL 586/2023,Veto Parcial
PL 587/2015,Veto Parcial
PL 591/2015,Veto Total
PL 591/2019,Veto Total
PL 592/2013,Veto Total
PL 594/2013,Veto Parcial
PL 596/2021,Veto Total
PL 598/2013,Veto Total
PL 599/2016,Veto Parcial
PL 599/2018,Veto Total
PL 60/2017,Veto Total
PL 601/2019,Veto Total
PL 601/2021,Veto Total
PL 603/2013,Veto Total
PL 603/2019,Veto Total
PL 604/2013,Veto Total
PL 606/2018,Veto Parcial
PL 609/2013,Veto Total
PL 61/2016,Veto Total
PL 613/2016,Veto Total
PL 614/2015,Veto Total
PL 615/2018,Veto Parcial
PL 615/2021,Veto Total
PL 62/2013,Veto Parcial
PL 62/2020,Veto Total
PL 62/2024,Veto Total
PL 622/2017,Veto Parcial
PL 622/2018,Veto Parcial
PL 622/2024,Veto Total
PL 622/2025,Veto Total
PL 623/2017,Veto Total
PL 626/2015,Veto Parcial
PL 626/2021,Veto Parcial
PL 628/2017,Veto Total
PL 629/2018,Veto Total
PL 63/2016,Veto Parcial
PL 63/2019,Veto Total
PL 633/2017,Veto Total
PL 634/2015,Veto Total
PL 635/2017,Veto Total
PL 636/2020,Veto Parcial
PL 636/2022,Veto Parcial
PL 637/2013,Veto Total
PL 638/2013,Veto Parcial
PL 638/2019,Veto Total
PL 64/2013,Veto Total
PL 64/2021,Veto Parcial
PL 640/2015,Veto Total
PL 641/2021,Veto Total
PL 642/2015,Veto Total
PL 642/2019,Veto Total
PL 650/2015,Veto Parcial
PL 652/2018,Veto Parcial
PL 654/2018,Veto Total
PL 656/2018,Veto Parcial
PL 657/2013,Veto Total
PL 657/2015,Veto Total
PL 658/2017,Veto Parcial
PL 658/2018,Veto Parcial
PL 658/2019,Veto Total
PL 658/2020,Veto Parcial
PL 658/2021,Veto Total
PL 659/2013,Veto Total
PL 66/2014,Veto Total
PL 661/2015,Veto Total
PL 662/2013,Veto Parcial
PL 666/2015,Veto Total
PL 667/2013,Veto Total
PL 669/2021,Veto Parcial
PL 672/2021,Veto Parcial
PL 673/2013,Veto Total
PL 673/2025,Veto Parcial
PL 674/2025,Veto Parcial
PL 677/2021,Veto Total
PL 678/2019,Veto Parcial
PL 68/2021,Veto Parcial
PL 68/2022,Veto Parcial
PL 680/2017,Veto Parcial
PL 681/2013,Veto Total
PL 682/2020,Veto Parcial
PL 684/2013,Veto Total
PL 686/2017,Veto Parcial
PL 686/2019,Veto Total
PL 687/2013,Veto Total
PL 687/2017,Veto Parcial
PL 688/2013,Veto Parcial
PL 689/2013,Veto Total
PL 692/2013,Veto Total
PL 692/2020,Veto Parcial
PL 695/2013,Veto Parcial
PL 696/2015,Veto Total
PL 698/2019,Veto Parcial
PL 699/2015,Veto Total
PL 7/2015,Veto Total
PL 7/2020,Veto Total
PL 70/2018,Veto Total
PL 700/2015,Veto Total
PL 701/2015,Veto Total
PL 702/2019,Veto Total
PL 705/2013,Veto Total
PL 705/2017,Veto Parcial
PL 705/2021,Veto Total
PL 708/2015,Veto Total
PL 709/2020,Veto Total
PL 710/2017,Veto Total
PL 710/2022,Veto Total
PL 712/2020,Veto Parcial
PL 712/2023,Veto Parcial
PL 713/2013,Veto Total
PL 713/2019,Veto Total
PL 715/2013,Veto Total
PL 72/2013,Veto Total
PL 72/2020,Veto Total
PL 720/2020,Veto Parcial
PL 722/2015,Veto Parcial
PL 723/2015,Veto Parcial
PL 724/2015,Veto Total
PL 725/2015,Veto Total
PL 726/2015,Veto Total
PL 727/2013,Veto Total
PL 727/2019,Veto Total
PL 728/2017,Veto Total
PL 729/2024,Veto Parcial
PL 731/2019,Veto Total
PL 738/2013,Veto Total
PL 739/2013,Veto Total
PL 741/2017,Veto Parcial
PL 743/2013,Veto Parcial
PL 743/2019,Veto Total
PL 747/2019,Veto Total
PL 749/2024,Veto Total
PL 75/2013,Veto Parcial
PL 75/2015,Veto Total
PL 75/2016,Veto Total
PL 752/2021,Veto Total
PL 756/2021,Veto Parcial
PL 757/2023,Veto Total
PL 76/2016,Veto Total
PL 76/2018,Veto Parcial
PL 76/2022,Veto Parcial
PL 761/2020,Veto Total
PL 761/2021,Veto Total
PL 765/2013,Veto Parcial
PL 770/2013,Veto Total
PL 771/2013,Veto Total
PL 771/2017,Veto Total
PL 774/2013,Veto Total
PL 775/2013,Veto Total
PL 777/2013,Veto Total
PL 779/2013,Veto Parcial
PL 78/2015,Veto Total
PL 78/2017,Veto Total
PL 784/2024,Veto Parcial
PL 785/2017,Veto Parcial
PL 787/2013,Veto Total
PL 79/2013,Veto Total
PL 79/2018,Veto Total
PL 794/2013,Veto Total
PL 795/2019,Veto Total
PL 796/2013,Veto Total
PL 8/2020,Veto Total
PL 80/2017,Veto Total
PL 804/2021,Veto Total
PL 805/2017,Veto Total
PL 806/2013,Veto Total
PL 809/2021,Veto Total
PL 816/2021,Veto Total
PL 818/2013,Veto Total
PL 82/2014,Veto Parcial
PL 82/2015,Veto Parcial
PL 825/2024,Veto Parcial
PL 826/2024,Veto Parcial
PL 827/2013,Veto Total
PL 83/2013,Veto Total
PL 833/2019,Veto Total
PL 837/2013,Veto Total
PL 838/2013,Veto Parcial
PL 840/2013,Veto Parcial
PL 842/2013,Veto Total
PL 847/2017,Veto Total
PL 848/2013,Veto Parcial
PL 85/2013,Veto Parcial
PL 850/2019,Veto Total
PL 852/2019,Veto Total
PL 854/2017,Veto Parcial
PL 855/2019,Veto Parcial
PL 858/2013,Veto Total
PL 86/2017,Veto Total
PL 862/2021,Veto Total
PL 863/2013,Veto Parcial
PL 867/2017,Veto Parcial
PL 87/2017,Veto Total
PL 877/2013,Veto Parcial
PL 888/2013,Veto Parcial
PL 891/2013,Veto Total
PL 9/2016,Veto Total
PL 9/2017,Veto Total
PL 90/2013,Veto Total
PL 90/2015,Veto Parcial
PL 908/2013,Veto Total
PL 911/2013,Veto Total
PL 914/2013,Veto Total
PL 92/2015,Veto Total
PL 94/2013,Veto Total
PL 94/2016,Veto Total
PL 94/2017,Veto Total
PL 94/2020,Veto Total
PL 95/2013,Veto Parcial
PL 97/2013,Veto Total
